time,0,3600,7200,10800,14400,18000,21600,25200,28800,32400,36000,39600,43200,46800,50400,54000,57600,61200,64800,68400,72000,75600,79200,82800,86400
892,117.80339,117.78291,117.76245,117.74198,117.64197,117.33565,117.29983,117.40335,117.51506,117.531845,117.54753,117.3051,117.41682,117.47181,117.413124,117.34927,117.04296,117.00714,116.97132,117.17283,117.231995,117.24768,117.22722,117.20675,117.18628
892dn,117.77107,117.75061,117.73014,117.70967,117.59622,117.24169,117.20587,117.33332,117.469315,117.49309,117.51523,117.23508,117.37107,117.43949,117.374374,117.30353,116.949005,116.913185,116.87737,117.11953,117.19324,117.21538,117.194916,117.17444,117.15398
893,106.77378,106.75332,106.73284,106.71238,106.60036,106.25148,106.21566,106.34023,106.47346,106.496475,106.51794,106.24199,106.37521,106.4422,106.37776,106.30767,105.958786,105.922966,105.887146,106.12452,106.19662,106.21809,106.19761,106.17715,106.15668
893dn,106.76649,106.746025,106.72555,106.705086,106.58992,106.229576,106.19376,106.32405,106.46302,106.48768,106.51064,106.22581,106.36478,106.434906,106.36896,106.29723,105.93688,105.90107,105.86525,106.112305,106.18783,106.21079,106.19032,106.16985,106.14938
894,108.62994,108.609474,108.58901,108.568535,108.39836,107.843575,107.807755,108.03415,108.27147,108.3247,108.37409,107.935905,108.173225,108.29837,108.205986,108.105675,107.55089,107.51507,107.479256,107.89005,108.02484,108.07424,108.05378,108.0333,108.01284
894dn,108.57004,108.54956,108.5291,108.50863,108.313416,107.66867,107.63284,107.90393,108.186516,108.25279,108.31418,107.80568,108.08827,108.23846,108.13407,108.02073,107.37598,107.34016,107.30434,107.79103,107.95294,108.01433,107.993866,107.9734,107.95293
895,108.6945,108.67404,108.653564,108.6331,108.490005,108.03274,107.99692,108.174835,108.363106,108.40223,108.43866,108.076584,108.26486,108.36292,108.283516,108.19731,107.74005,107.70423,107.6684,107.996925,108.10238,108.13881,108.11833,108.09787,108.07739
895dn,108.64266,108.62219,108.60173,108.58126,108.416176,107.87935,107.84353,108.06105,108.28928,108.33987,108.38682,107.96281,108.19103,108.31108,108.22115,108.12349,107.58666,107.55084,107.51502,107.910706,108.04001,108.08696,108.0665,108.04602,108.02556
896,113.755035,113.734566,113.7141,113.69363,113.57403,113.19829,113.16247,113.30033,113.44713,113.47409,113.49918,113.20209,113.348885,113.42346,113.35537,113.281334,112.9056,112.86978,112.83397,113.093956,113.174225,113.19933,113.17887,113.158394,113.13793
896dn,113.75363,113.73316,113.7127,113.69223,113.57206,113.194336,113.15852,113.29736,113.44516,113.47241,113.49779,113.19912,113.34692,113.42205,113.3537,113.27937,112.90165,112.86584,112.83002,113.091675,113.17256,113.19793,113.17747,113.157,113.13653
897,111.487724,111.467255,111.446785,111.426315,111.19377,110.40937,110.37355,110.71487,111.066864,111.1527,111.23187,110.61662,110.96862,111.15614,111.03398,110.90108,110.116684,110.080864,110.04505,110.65005,110.85285,110.93202,110.91155,110.89108,110.87062
897dn,111.64063,111.62016,111.5997,111.57922,111.41339,110.87403,110.83821,111.05697,111.2865,111.33747,111.38478,110.958725,111.188255,111.30906,111.21876,111.12071,110.581345,110.545525,110.5097,110.90751,111.03762,111.08493,111.06447,111.04399,111.02353
898,111.49371,111.47324,111.452774,111.432304,111.20221,110.42654,110.39071,110.72771,111.07531,111.15987,111.23786,110.62946,110.977066,111.16213,111.041145,110.909515,110.13384,110.09802,110.06221,110.65986,110.860016,110.93801,110.91754,110.89707,110.87661
898dn,111.63902,111.61856,111.59809,111.57763,111.411156,110.8695,110.83369,111.05357,111.28425,111.335556,111.38318,110.95533,111.186005,111.30745,111.21685,111.11846,110.57681,110.54099,110.50518,110.90491,111.035706,111.08333,111.06286,111.0424,111.02192
899,116.64427,116.62381,116.60333,116.58287,116.418434,115.88388,115.84807,116.06447,116.29154,116.34179,116.38843,115.966225,116.1933,116.31269,116.22308,116.12575,115.591194,115.555374,115.51956,115.91332,116.04194,116.08858,116.0681,116.04764,116.027176
899dn,116.53403,116.513565,116.49309,116.472626,116.25921,115.543175,115.507355,115.81477,116.13232,116.20819,116.27818,115.71652,116.034065,116.202446,116.08947,115.96652,115.25049,115.21467,115.178856,115.72621,115.90833,115.97833,115.957855,115.93739,115.91693
900,119.64946,119.629,119.60853,119.588066,119.42573,118.898636,118.862816,119.07552,119.298836,119.34799,119.393616,118.97728,119.20059,119.31789,119.22928,119.13304,118.60594,118.57012,118.5343,118.9218,119.04814,119.093765,119.073296,119.05283,119.032364
900dn,119.53364,119.51317,119.4927,119.47223,119.25865,118.54205,118.50623,118.81393,119.13175,119.20771,119.27779,118.715675,119.03351,119.20206,119.089,118.96596,118.24936,118.21354,118.17772,118.725555,118.90786,118.977936,118.957466,118.937,118.916534
0,112.9054,112.884926,112.86446,112.843994,112.78516,112.62453,112.58871,112.62021,112.65826,112.65364,112.64954,112.521965,112.560005,112.57382,112.53492,112.49247,112.33183,112.29601,112.2602,112.339005,112.35379,112.34969,112.32923,112.30876,112.28829
1,113.753624,113.73316,113.712685,113.69222,113.57205,113.19432,113.1585,113.29735,113.44515,113.472404,113.49778,113.1991,113.34691,113.42204,113.35368,113.279366,112.90163,112.86581,112.829994,113.09167,113.172554,113.19793,113.17745,113.15699,113.13652
2,0.99840003,0.97792685,0.957463,0.93698984,0.91587484,0.8890021,0.8531903,0.81851333,0.78897095,0.76474917,0.7425459,0.7202682,0.6907258,0.6668203,0.64604014,0.62318575,0.59631294,0.5604919,0.52468014,0.49080312,0.46489772,0.44269443,0.42223057,0.4017574,0.38129354
3,15.996791,15.976327,15.955853,15.9353895,15.913614,15.884444,15.848623,15.81509,15.78672,15.762833,15.740946,15.7168455,15.688475,15.665211,15.644124,15.620925,15.591755,15.555934,15.520113,15.48818,15.462981,15.441094,15.420621,15.400158,15.379684
4,15.995191,15.974718,15.954254,15.933781,15.911364,15.879877,15.844056,15.811667,15.78446,15.760917,15.739337,15.713422,15.686214,15.663611,15.642199,15.618674,15.587188,15.551367,15.515555,15.485566,15.461065,15.439486,15.419022,15.398548,15.378084
5,15.993582,15.973118,15.952644,15.93218,15.909103,15.8753195,15.8394985,15.808244,15.782208,15.759001,15.737737,15.709999,15.683964,15.662002,15.640283,15.616414,15.58263,15.546809,15.510988,15.482944,15.459149,15.437885,15.417412,15.396949,15.376475
6,15.9919815,15.971509,15.951045,15.930572,15.906852,15.870752,15.834931,15.804821,15.779948,15.757085,15.736128,15.706576,15.681704,15.660402,15.638366,15.614163,15.578063,15.542242,15.506421,15.4803295,15.457233,15.436276,15.4158125,15.395339,15.374875
7,16.990372,16.96991,16.949436,16.928972,16.904602,16.866184,16.830374,16.801397,16.777697,16.755169,16.734528,16.703154,16.679453,16.658792,16.63645,16.611912,16.573496,16.537683,16.501863,16.477707,16.455307,16.434677,16.414204,16.39374,16.373266
8,20.988773,20.9683,20.947836,20.927362,20.90234,20.861628,20.825806,20.797985,20.775436,20.753252,20.732918,20.69974,20.677193,20.657192,20.634535,20.609652,20.568937,20.533117,20.497295,20.475092,20.453392,20.433067,20.412603,20.39213,20.371666
9,22.987164,22.9667,22.946226,22.925762,22.90009,22.85706,22.821249,22.794561,22.773186,22.751328,22.73132,22.696316,22.67494,22.655584,22.632618,22.6074,22.564371,22.52855,22.492739,22.47247,22.451475,22.431467,22.410994,22.39053,22.370056
10,18.985554,18.96509,18.944626,18.924154,18.89783,18.852503,18.81668,18.791138,18.770935,18.74941,18.72971,18.692894,18.67269,18.653984,18.630701,18.60514,18.559813,18.523993,18.48817,18.469856,18.449558,18.429857,18.409393,18.388922,18.368458
11,14.983954,14.9634905,14.943017,14.922553,14.895578,14.847935,14.812114,14.787715,14.768675,14.747495,14.728109,14.68947,14.670429,14.652374,14.628785,14.602889,14.555245,14.519424,14.483613,14.467233,14.447643,14.428258,14.407784,14.387321,14.366848
12,10.982346,10.961882,10.941418,10.920944,10.893318,10.843377,10.807556,10.784292,10.766423,10.745578,10.7265005,10.686047,10.668179,10.650775,10.626869,10.600629,10.550688,10.514867,10.479046,10.464609,10.445726,10.426649,10.406185,10.385712,10.365248
13,7.9807453,7.9602814,7.9398084,7.9193444,7.891067,7.83881,7.8029885,7.780869,7.764163,7.743662,7.7249002,7.682624,7.665918,7.6491656,7.6249533,7.598378,7.5461206,7.5102997,7.4744787,7.4619956,7.4438105,7.425049,7.404576,7.384112,7.363639
14,4.979136,4.958672,4.9382086,4.917735,4.888807,4.834243,4.798431,4.7774553,4.7619123,4.741746,4.7232914,4.67921,4.663667,4.647566,4.623028,4.5961175,4.5415535,4.5057416,4.4699206,4.4593725,4.4418945,4.42344,4.402976,4.3825026,4.362039
15,7.977536,7.9570723,7.9365993,7.9161353,7.8865557,7.8296847,7.793864,7.774032,7.7596517,7.73983,7.721691,7.675787,7.6614065,7.6459565,7.6211114,7.593867,7.536996,7.5011744,7.4653535,7.4567585,7.439978,7.4218397,7.4013667,7.380903,7.36043
16,14.975927,14.955463,14.934999,14.914526,14.884295,14.825118,14.789296,14.770609,14.7574005,14.737914,14.720082,14.672364,14.659156,14.644357,14.619195,14.591606,14.532429,14.496608,14.460795,14.454136,14.438062,14.420231,14.399767,14.379293,14.3588295
17,18.974327,18.953863,18.93339,18.912926,18.882044,18.82056,18.784739,18.767187,18.75514,18.735998,18.718483,18.668941,18.656895,18.642748,18.61728,18.589355,18.52787,18.49205,18.456228,18.45152,18.436136,18.41863,18.398157,18.377693,18.35722
18,19.972717,19.952253,19.93179,19.911318,19.879784,19.815992,19.780172,19.763763,19.75289,19.734081,19.716873,19.665518,19.654644,19.641148,19.615362,19.587095,19.523304,19.487482,19.45167,19.448898,19.434221,19.41702,19.396557,19.376085,19.355621
19,16.971119,16.950655,16.930182,16.909718,16.877533,16.811434,16.775614,16.76034,16.75063,16.732157,16.715273,16.662094,16.652384,16.639538,16.613447,16.584845,16.518736,16.482925,16.447104,16.446285,16.432304,16.415422,16.394949,16.374485,16.354012
20,13.969509,13.949045,13.928581,13.908108,13.875282,13.806868,13.771047,13.756927,13.748378,13.73024,13.713664,13.658681,13.650133,13.6379385,13.61153,13.582593,13.514178,13.478357,13.442536,13.443662,13.430388,13.413813,13.393349,13.372875,13.352411
21,11.967909,11.947445,11.926971,11.906508,11.873022,11.8023,11.766489,11.753504,11.746118,11.728324,11.712064,11.655258,11.647873,11.636329,11.609614,11.580333,11.509611,11.4738,11.437979,11.441039,11.4284725,11.412212,11.39174,11.371276,11.350802
22,14.9663,14.945836,14.925372,14.904899,14.87077,14.797743,14.761922,14.75008,14.743867,14.726407,14.710455,14.651835,14.645621,14.634729,14.607698,14.578081,14.5050535,14.469233,14.433412,14.438425,14.426556,14.410604,14.39014,14.369666,14.349202
23,21.9647,21.944237,21.923763,21.9033,21.868511,21.793175,21.757355,21.746656,21.741615,21.724491,21.708855,21.648413,21.64337,21.63312,21.605782,21.57582,21.500486,21.464664,21.428854,21.435802,21.42464,21.409004,21.38853,21.368067,21.347593
24,28.96309,28.942627,28.922163,28.90169,28.866259,28.788618,28.752796,28.743235,28.739355,28.722574,28.707245,28.644989,28.64111,28.63152,28.603857,28.57357,28.495928,28.460108,28.424286,28.433187,28.422724,28.407394,28.38693,28.366457,28.345993
25,35.96149,35.94103,35.920555,35.90009,35.864,35.78405,35.74823,35.739822,35.737103,35.720657,35.705647,35.641575,35.63886,35.62991,35.60194,35.57131,35.49136,35.45554,35.419727,35.430565,35.420807,35.405796,35.385323,35.364857,35.344383
26,42.95988,42.93942,42.918953,42.89848,42.861748,42.779484,42.74367,42.736397,42.734844,42.718742,42.704037,42.638153,42.6366,42.62831,42.600025,42.569057,42.486794,42.45098,42.41516,42.42795,42.41889,42.404186,42.38372,42.363247,42.342785
27,49.958282,49.937817,49.917343,49.89688,49.85949,49.774925,49.739105,49.732975,49.732594,49.716827,49.70244,49.634727,49.634346,49.6267,49.598106,49.5668,49.482235,49.446415,49.410595,49.425327,49.416965,49.402584,49.38211,49.36165,49.341175
28,51.956673,51.936207,51.915745,51.89527,51.857235,51.77036,51.734547,51.729553,51.73033,51.71491,51.70083,51.631306,51.632088,51.625103,51.59619,51.56455,51.47767,51.441856,51.406036,51.422714,51.41505,51.400974,51.380512,51.36004,51.339577
29,57.955074,57.93461,57.914135,57.893673,57.854977,57.7658,57.72998,57.726128,57.72808,57.712986,57.699226,57.627884,57.629837,57.623493,57.594276,57.562286,57.47311,57.43729,57.40147,57.42009,57.41313,57.399376,57.378902,57.35844,57.337967
30,63.953465,63.933,63.912537,63.892063,63.852726,63.761234,63.72541,63.722706,63.725822,63.711067,63.697617,63.62446,63.627575,63.62189,63.59236,63.560036,63.468544,63.432724,63.39691,63.41747,63.411217,63.397766,63.377304,63.35683,63.336365
31,66.951866,66.9314,66.91093,66.890465,66.850464,66.756676,66.720856,66.71929,66.72357,66.70915,66.69602,66.62105,66.62533,66.620285,66.59045,66.55778,66.46399,66.42816,66.39234,66.414856,66.4093,66.396164,66.375694,66.35523,66.334755
32,67.95026,67.92979,67.909325,67.888855,67.84821,67.752106,67.716286,67.715866,67.72131,67.70724,67.69441,67.61762,67.62306,67.61868,67.588524,67.55553,67.45942,67.4236,67.38779,67.41223,67.40739,67.394554,67.37409,67.35362,67.33316
33,65.948654,65.92819,65.907715,65.88725,65.845955,65.74754,65.71173,65.71245,65.719055,65.70532,65.69281,65.6142,65.62081,65.61707,65.5866,65.55326,65.45485,65.41904,65.38322,65.409615,65.40547,65.39296,65.37248,65.35202,65.33155
34,60.947044,60.926582,60.906116,60.885643,60.843704,60.742985,60.70716,60.709023,60.716797,60.703403,60.6912,60.61078,60.618553,60.615475,60.584686,60.551014,60.450294,60.414474,60.37865,60.406994,60.403553,60.39135,60.370884,60.35041,60.32995
35,55.945446,55.92498,55.904507,55.884045,55.84145,55.738415,55.702602,55.7056,55.714546,55.70149,55.6896,55.607353,55.616302,55.613865,55.58277,55.548763,55.44573,55.409916,55.374092,55.40438,55.401638,55.389748,55.369274,55.348812,55.32834
36,53.943836,53.92337,53.90291,53.882435,53.83919,53.733856,53.698036,53.702175,53.712296,53.699574,53.687992,53.60393,53.61404,53.612267,53.580853,53.5465,53.44117,53.40535,53.369526,53.401756,53.39972,53.388138,53.367676,53.347202,53.32674
37,56.942238,56.921772,56.9013,56.880836,56.83694,56.72929,56.69347,56.69876,56.710037,56.697655,56.68639,56.600517,56.61179,56.610657,56.578938,56.54425,56.436604,56.40078,56.364967,56.399143,56.397797,56.38653,56.366066,56.345604,56.32513
38,59.940628,59.920162,59.8997,59.879227,59.83468,59.72473,59.68891,59.69534,59.707787,59.69573,59.68478,59.597095,59.60954,59.609055,59.577023,59.541992,59.432045,59.39622,59.3604,59.39652,59.395878,59.38493,59.364468,59.343994,59.32353
39,64.939026,64.918564,64.89809,64.877625,64.83243,64.72017,64.68434,64.69192,64.70553,64.69382,64.68318,64.59367,64.60728,64.607445,64.5751,64.53974,64.427475,64.391655,64.35584,64.3939,64.39396,64.38332,64.362854,64.34239,64.32192
40,70.937416,70.916954,70.89649,70.876015,70.83017,70.7156,70.67979,70.68849,70.70328,70.691895,70.68157,70.59025,70.60503,70.60585,70.57319,70.537476,70.42291,70.3871,70.35128,70.39128,70.392044,70.38172,70.36126,70.34078,70.32032
41,76.93582,76.91535,76.89488,76.87442,76.82792,76.711044,76.67522,76.685074,76.70101,76.68998,76.67997,76.58682,76.60277,76.60424,76.57127,76.535225,76.41835,76.38253,76.34671,76.388664,76.39013,76.38011,76.35965,76.33919,76.31871
42,80.93421,80.91374,80.89328,80.87281,80.82566,80.706474,80.67066,80.68165,80.69876,80.688065,80.67836,80.583405,80.60052,80.60264,80.56936,80.53297,80.41379,80.37796,80.342155,80.38605,80.388214,80.37851,80.35805,80.33758,80.31711
43,86.93261,86.91215,86.89167,86.87121,86.8234,86.70192,86.66609,86.67823,86.6965,86.68615,86.676765,86.57999,86.59826,86.60103,86.56743,86.530716,86.409225,86.373405,86.337585,86.38342,86.3863,86.3769,86.35644,86.335976,86.315506
44,90.931,90.91054,90.89007,90.8696,90.821144,90.69735,90.66153,90.67481,90.69425,90.684235,90.675156,90.57657,90.59601,90.59943,90.56551,90.52846,90.40466,90.368835,90.33302,90.38081,90.384384,90.375305,90.35484,90.334366,90.3139
45,94.9294,94.908936,94.888466,94.868,94.81889,94.69279,94.65697,94.67139,94.69199,94.68232,94.67355,94.57314,94.59374,94.59782,94.5636,94.52621,94.4001,94.36428,94.32846,94.37819,94.38247,94.373695,94.35323,94.33276,94.312294
46,94.92779,94.907326,94.88686,94.86639,94.816635,94.688225,94.652405,94.66796,94.68974,94.680405,94.67194,94.56972,94.59149,94.59622,94.56168,94.52395,94.39554,94.35971,94.3239,94.375565,94.38054,94.37209,94.35163,94.331154,94.31069
47,95.92619,95.90572,95.885254,95.86479,95.814384,95.683655,95.64784,95.66454,95.68748,95.67848,95.67035,95.5663,95.58923,95.59461,95.55977,95.5217,95.39097,95.355156,95.319336,95.37295,95.378624,95.37048,95.35002,95.32956,95.30908
48,95.92458,95.90411,95.88365,95.86318,95.81213,95.6791,95.64328,95.661125,95.68523,95.67656,95.66874,95.56288,95.58698,95.59301,95.55785,95.51944,95.386406,95.350586,95.314766,95.37032,95.37671,95.36888,95.34842,95.32795,95.30749
49,97.92298,97.90251,97.88204,97.86158,97.809875,97.67453,97.63872,97.65771,97.68297,97.674644,97.66714,97.559456,97.584724,97.5914,97.55593,97.51718,97.38184,97.34602,97.31021,97.367714,97.374794,97.36728,97.34681,97.32635,97.30588
50,98.92137,98.90091,98.88045,98.85997,98.80762,98.669975,98.634155,98.65428,98.68072,98.67273,98.66553,98.55604,98.58247,98.5898,98.554016,98.51493,98.37728,98.34146,98.30564,98.36509,98.37288,98.36568,98.345215,98.32474,98.304276
51,103.91977,103.8993,103.87884,103.85837,103.80536,103.665405,103.629585,103.650856,103.67847,103.670815,103.663925,103.55261,103.58022,103.588196,103.5521,103.51267,103.37272,103.3369,103.30109,103.36247,103.37096,103.36407,103.343605,103.323135,103.302666
52,109.91816,109.8977,109.877235,109.856766,109.80311,109.66085,109.62503,109.64744,109.67621,109.66889,109.662315,109.54919,109.57796,109.58659,109.550186,109.51042,109.36816,109.33234,109.29652,109.359856,109.36904,109.362465,109.342,109.32153,109.30106
53,108.916565,108.89609,108.875626,108.85516,108.80085,108.65628,108.62046,108.64401,108.67396,108.66698,108.66072,108.54577,108.57571,108.584984,108.54826,108.50816,108.363594,108.327774,108.29196,108.35724,108.36713,108.360855,108.34039,108.31993,108.29945
54,106.914955,106.89449,106.87402,106.85355,106.7986,106.65171,106.615906,106.6406,106.67169,106.66506,106.65911,106.54235,106.57345,106.58338,106.54634,106.50591,106.359024,106.32321,106.28739,106.354614,106.36521,106.35926,106.33879,106.31832,106.29786
55,105.91335,105.89288,105.87241,105.85195,105.79634,105.647156,105.611336,105.63718,105.66944,105.66315,105.65751,105.53893,105.5712,105.58177,105.544426,105.50365,105.35447,105.31865,105.28282,105.35199,105.3633,105.35765,105.33718,105.31672,105.29625
56,104.91174,104.89128,104.87082,104.85034,104.79409,104.642586,104.60678,104.63375,104.66718,104.66123,104.6559,104.53551,104.56894,104.58018,104.54251,104.501396,104.3499,104.31408,104.27827,104.34938,104.36137,104.35605,104.33559,104.31511,104.29465
57,104.91015,104.88967,104.86921,104.84875,104.791824,104.63803,104.60221,104.63033,104.66493,104.65932,104.6543,104.53208,104.56669,104.57857,104.540596,104.49914,104.345345,104.309525,104.2737,104.346756,104.35945,104.35444,104.33398,104.313515,104.29304
58,107.90854,107.88807,107.86761,107.84714,107.78957,107.63346,107.59764,107.62691,107.662674,107.65739,107.652695,107.52866,107.56443,107.576965,107.53868,107.49689,107.340775,107.304955,107.26914,107.34414,107.35754,107.35284,107.332375,107.311905,107.291435
59,115.90694,115.88646,115.866,115.845535,115.787315,115.62891,115.59309,115.62348,115.66042,115.65547,115.65109,115.52524,115.56217,115.575356,115.536766,115.49463,115.33622,115.3004,115.26457,115.34152,115.35562,115.35123,115.330765,115.3103,115.28983
60,111.76832,111.74785,111.72739,111.70691,111.59242,111.23438,111.19857,111.327736,111.46553,111.48984,111.51247,111.22949,111.36729,111.436745,111.37112,111.299736,110.941696,110.90587,110.870056,111.11518,111.18999,111.212616,111.192154,111.17168,111.151215
61,106.76645,106.74599,106.725525,106.70505,106.58987,106.22947,106.19365,106.323975,106.462975,106.48764,106.510605,106.22573,106.36473,106.43488,106.36892,106.29719,105.93678,105.90096,105.86515,106.11225,106.18778,106.210754,106.19029,106.169815,106.14935
62,110.76676,110.74629,110.72583,110.70536,110.590294,110.23028,110.194466,110.3246,110.463394,110.48801,110.51091,110.22636,110.36514,110.43519,110.369286,110.29761,109.93759,109.90177,109.86596,110.11273,110.18814,110.21106,110.1906,110.17013,110.14966
63,112.767075,112.746605,112.726135,112.705666,112.59071,112.23109,112.195274,112.325226,112.46382,112.48836,112.51122,112.22697,112.36557,112.43549,112.369644,112.29803,111.9384,111.90259,111.86677,112.11322,112.18851,112.21137,112.1909,112.17043,112.14997
64,112.76738,112.74691,112.72645,112.70597,112.59114,112.23191,112.19608,112.325836,112.46424,112.488716,112.51153,112.22759,112.36599,112.4358,112.37001,112.298454,111.93922,111.9034,111.86758,112.1137,112.188866,112.21168,112.191216,112.17074,112.150276
65,113.767685,113.747215,113.72675,113.706276,113.59156,113.23272,113.19689,113.32646,113.46465,113.48908,113.51183,113.22822,113.36641,113.43611,113.37038,113.298874,112.940025,112.904205,112.868385,113.11418,113.18923,113.21198,113.19152,113.17104,113.15058
66,113.768,113.74752,113.72706,113.70659,113.59198,113.23353,113.19771,113.32708,113.46508,113.48945,113.51214,113.228836,113.36684,113.43642,113.370735,113.299286,112.940834,112.905014,112.8692,113.11467,113.18959,113.21229,113.191826,113.17136,113.15089
67,114.7683,114.747826,114.72736,114.706894,114.59241,114.23434,114.19852,114.327705,114.4655,114.48981,114.51246,114.229454,114.367256,114.43672,114.3711,114.29972,113.94164,113.90582,113.87001,114.11515,114.18996,114.21259,114.19213,114.17166,114.1512
68,114.76832,114.74785,114.72739,114.70691,114.59242,114.23438,114.19857,114.327736,114.46553,114.48984,114.51247,114.22949,114.36729,114.436745,114.37112,114.299736,113.941696,113.90587,113.870056,114.11518,114.18999,114.212616,114.192154,114.17168,114.151215
69,115.76863,115.74815,115.72769,115.707214,115.59285,115.23519,115.19938,115.328354,115.46595,115.4902,115.51277,115.23011,115.36771,115.43705,115.37148,115.30016,114.942505,114.90668,114.87087,115.11566,115.190346,115.21292,115.19246,115.17198,115.15152
70,115.768936,115.74846,115.728,115.707535,115.59327,115.23601,115.20019,115.32898,115.46637,115.49056,115.51309,115.230736,115.368126,115.437355,115.37184,115.30058,114.94331,114.9075,114.87168,115.11615,115.19071,115.21323,115.192764,115.172295,115.151825
71,117.76924,117.74877,117.7283,117.70784,117.59369,117.23682,117.201,117.329605,117.4668,117.49092,117.5134,117.23136,117.36855,117.43766,117.37221,117.301,116.94413,116.90831,116.87249,117.11663,117.19107,117.21354,117.19307,117.1726,117.15214
72,117.76955,117.74908,117.728615,117.708145,117.59412,117.237625,117.201805,117.330215,117.46722,117.49129,117.5137,117.23197,117.368965,117.437965,117.37257,117.30143,116.94494,116.90912,116.8733,117.11711,117.19144,117.213844,117.19338,117.17291,117.15244
73,117.76986,117.74939,117.72892,117.70846,117.594536,117.238434,117.202614,117.33084,117.467636,117.491646,117.51401,117.2326,117.369385,117.43828,117.37293,117.30185,116.94575,116.90993,116.874115,117.1176,117.191795,117.21416,117.19369,117.173225,117.15275
74,117.770164,117.7497,117.729225,117.70876,117.594955,117.23925,117.20342,117.33147,117.46806,117.49201,117.51432,117.233215,117.36981,117.43858,117.37329,117.30227,116.946556,116.910736,116.87492,117.11809,117.19216,117.21447,117.19399,117.17353,117.15305
75,117.77047,117.75001,117.72953,117.70907,117.59538,117.24006,117.20425,117.332085,117.468475,117.49238,117.514626,117.23383,117.37023,117.43889,117.37366,117.3027,116.947365,116.911545,116.87573,117.118576,117.19252,117.214775,117.1943,117.173836,117.153366
76,117.770775,117.75031,117.72984,117.70937,117.5958,117.24087,117.205055,117.3327,117.468895,117.49274,117.51493,117.23446,117.37065,117.43919,117.374016,117.303116,116.94817,116.91236,116.87654,117.11906,117.19289,117.21508,117.19461,117.17414,117.15367
77,110.63451,110.614044,110.59357,110.573105,110.404755,109.856415,109.8206,110.04381,110.277855,110.33015,110.37866,109.945564,110.17961,110.302925,110.211426,110.11206,109.56373,109.527916,109.49209,109.89746,110.03029,110.07881,110.058334,110.03787,110.0174
78,110.64509,110.62462,110.60416,110.58368,110.41962,109.88642,109.85061,110.06633,110.29271,110.34277,110.38924,109.96808,110.194466,110.313515,110.22407,110.12693,109.593735,109.55792,109.5221,109.91471,110.04292,110.089386,110.068924,110.04845,110.027985
79,109.65567,109.6352,109.61473,109.59427,109.43448,108.916435,108.880615,109.08884,109.30758,109.355415,109.399826,108.99059,109.209335,109.32409,109.236694,109.14179,108.62375,108.58793,108.55211,108.93196,109.055565,109.09997,109.0795,109.05904,109.03857
80,106.66625,106.64579,106.62531,106.60485,106.44933,105.94645,105.91062,106.11136,106.32244,106.36805,106.41041,106.013115,106.2242,106.33467,106.24934,106.15665,105.653755,105.617935,105.582115,105.94921,106.0682,106.11056,106.09008,106.06962,106.04915
81,104.67684,104.656364,104.6359,104.615425,104.4642,103.976456,103.940636,104.13387,104.337296,104.38069,104.42098,104.03563,104.23905,104.34526,104.26197,104.17151,103.68376,103.64794,103.61212,103.96646,104.08084,104.12113,104.10067,104.08019,104.05973
82,101.687416,101.666954,101.64648,101.626015,101.47906,101.00646,100.97064,101.156395,101.35216,101.39333,101.43157,101.05815,101.253914,101.355835,101.27461,101.18636,100.71377,100.67795,100.64213,100.98371,101.09347,101.13172,101.111244,101.09078,101.07032
83,99.698,99.67753,99.65707,99.6366,99.49392,99.03647,99.00065,99.17892,99.36701,99.40596,99.442154,99.08067,99.26877,99.36642,99.287254,99.20123,98.74378,98.707954,98.672134,99.00095,99.10611,99.142296,99.12183,99.10136,99.080894
84,96.70859,96.68811,96.66765,96.64718,96.50877,96.066475,96.030655,96.20143,96.38188,96.4186,96.45273,96.10319,96.28364,96.37701,96.29988,96.216095,95.77379,95.73797,95.70214,96.01821,96.11875,96.15288,96.132416,96.111946,96.09148
85,94.71916,94.6987,94.67822,94.65776,94.523636,94.09648,94.06066,94.223946,94.39674,94.43124,94.46332,94.1257,94.29849,94.38758,94.31252,94.23095,93.803795,93.767975,93.732155,94.03545,94.131386,94.16347,94.14299,94.12253,94.10206
86,93.729744,93.709274,93.68881,93.66834,93.538506,93.12649,93.09067,93.24647,93.4116,93.44388,93.4739,93.14822,93.313354,93.39817,93.32516,93.24581,92.8338,92.79798,92.76216,93.05271,93.14403,93.17404,93.15358,93.1331,93.11264
87,93.740326,93.71986,93.699394,93.678925,93.55336,93.156494,93.120674,93.26898,93.42646,93.45652,93.484474,93.17074,93.32822,93.40875,93.3378,93.260666,92.86381,92.82799,92.792175,93.069954,93.156654,93.18462,93.16416,93.14369,93.12322
88,95.75091,95.730446,95.70997,95.68951,95.56822,95.18651,95.15068,95.291504,95.441315,95.46915,95.49506,95.19326,95.34307,95.41933,95.35044,95.275536,94.893814,94.857994,94.82218,95.0872,95.1693,95.19521,95.174736,95.154274,95.133804
89,99.76149,99.74102,99.72056,99.70008,99.58308,99.216515,99.180695,99.314026,99.456184,99.48179,99.50564,99.215775,99.35793,99.42992,99.36307,99.29039,98.92382,98.888,98.85219,99.104454,99.18194,99.20579,99.185326,99.16485,99.14439
90,105.77207,105.7516,105.73113,105.71067,105.59794,105.24652,105.2107,105.33654,105.47104,105.49442,105.51623,105.23829,105.372795,105.44049,105.37571,105.30525,104.953835,104.91801,104.8822,105.1217,105.19457,105.21637,105.1959,105.17544,105.154976
91,106.77382,106.75334,106.73288,106.71242,106.6004,106.25158,106.21576,106.34031,106.47351,106.49651,106.517975,106.242065,106.37527,106.44224,106.37781,106.30772,105.95889,105.92307,105.88725,106.12457,106.19666,106.21811,106.19765,106.177185,106.156715
92,110.785095,110.76462,110.744156,110.72368,110.61623,110.28352,110.2477,110.36428,110.489334,110.50997,110.529236,110.26604,110.39109,110.453514,110.39126,110.32355,109.99084,109.95501,109.91919,110.142944,110.21012,110.229385,110.20892,110.188446,110.167984
93,113.79636,113.775894,113.75543,113.734955,113.63206,113.31547,113.27964,113.38826,113.50516,113.52344,113.54051,113.290016,113.40691,113.464775,113.40472,113.33937,113.02277,112.98695,112.95113,113.16131,113.22358,113.24066,113.2202,113.19972,113.17926
94,113.80763,113.78716,113.76669,113.74623,113.64788,113.347404,113.311584,113.41223,113.52099,113.536896,113.55179,113.31399,113.42273,113.47605,113.418175,113.355194,113.05472,113.0189,112.98308,113.17968,113.237045,113.25193,113.23146,113.211,113.19052
95,113.8189,113.79843,113.77797,113.7575,113.663704,113.37935,113.34353,113.4362,113.53681,113.550354,113.56306,113.33796,113.43857,113.48733,113.43163,113.37102,113.08666,113.05084,113.015015,113.19805,113.2505,113.2632,113.24274,113.22226,113.2018
96,113.83018,113.80971,113.78924,113.76877,113.679535,113.41129,113.37547,113.46018,113.552635,113.56381,113.574326,113.36194,113.454384,113.4986,113.44509,113.38685,113.1186,113.08278,113.04696,113.21641,113.26396,113.274475,113.254005,113.233536,113.21307
97,114.841446,114.82098,114.80051,114.780045,114.69536,114.44324,114.40741,114.48415,114.56845,114.57727,114.585594,114.38591,114.47021,114.509865,114.45856,114.40267,114.15054,114.11472,114.0789,114.23478,114.27741,114.28574,114.265274,114.24481,114.22434
98,115.852715,115.83225,115.811775,115.79131,115.71118,115.475174,115.439354,115.508125,115.58429,115.59073,115.59687,115.40988,115.48604,115.52113,115.472015,115.41849,115.18249,115.14667,115.11085,115.25314,115.29087,115.29702,115.27654,115.25608,115.23561
99,116.86399,116.84351,116.82305,116.80258,116.72701,116.50712,116.4713,116.532104,116.600105,116.60418,116.60814,116.43386,116.50186,116.53241,116.48547,116.434326,116.21443,116.17861,116.142784,116.271515,116.30433,116.30828,116.28782,116.26735,116.24688
100,117.87527,117.85479,117.83433,117.81385,117.742836,117.53906,117.50324,117.556076,117.61593,117.617645,117.61941,117.457825,117.517685,117.543686,117.49893,117.45014,117.24637,117.21055,117.17473,117.28989,117.31779,117.31956,117.299095,117.27862,117.258156
101,117.88653,117.866066,117.84559,117.82513,117.75866,117.571,117.53518,117.58005,117.63176,117.6311,117.630684,117.4818,117.533516,117.55495,117.51239,117.465965,117.27831,117.24249,117.20667,117.30825,117.33125,117.33083,117.310356,117.289894,117.269424
102,117.897804,117.877335,117.856865,117.8364,117.774475,117.60294,117.56712,117.60403,117.64758,117.64456,117.64196,117.50577,117.54934,117.56622,117.52585,117.48179,117.31026,117.27444,117.23862,117.326614,117.34471,117.342094,117.32163,117.30117,117.28069
103,108.69506,108.6746,108.65412,108.63366,108.49078,108.0343,107.99849,108.17601,108.36389,108.4029,108.43922,108.07777,108.26565,108.36348,108.28418,108.198105,107.741615,107.70579,107.669975,107.997826,108.10305,108.139366,108.11889,108.09843,108.077965
104,108.69829,108.67782,108.65735,108.63688,108.49526,108.043106,108.007286,108.18269,108.368355,108.40672,108.44244,108.08445,108.27011,108.36671,108.28801,108.20257,107.75042,107.7146,107.67878,108.00299,108.10687,108.142586,108.122116,108.10165,108.081184
105,109.70151,109.68103,109.66057,109.64011,109.499725,109.05191,109.0161,109.18937,109.372826,109.410545,109.445656,109.09112,109.27458,109.36993,109.29183,109.20705,108.75922,108.7234,108.687584,109.008156,109.110695,109.1458,109.125336,109.104866,109.0844
106,109.70473,109.68426,109.66379,109.643326,109.504196,109.060715,109.024895,109.19604,109.377304,109.41437,109.44888,109.09779,109.279045,109.373146,109.295654,109.21151,108.76803,108.73221,108.69639,109.01331,109.11451,109.149025,109.128555,109.10809,109.087616
107,110.70795,110.68748,110.66701,110.646545,110.50866,110.06952,110.03371,110.20272,110.38177,110.41819,110.452095,110.10446,110.28352,110.376366,110.29948,110.21598,109.776825,109.741005,109.70519,110.01848,110.11833,110.152245,110.131775,110.11131,110.090836
108,109.711174,109.6907,109.670235,109.64976,109.51314,109.07832,109.0425,109.20939,109.386246,109.42202,109.455315,109.111145,109.28799,109.37959,109.3033,109.22044,108.78564,108.74982,108.714,109.02364,109.122154,109.155464,109.135,109.114525,109.09406
109,109.714386,109.69392,109.673454,109.65298,109.51761,109.08713,109.051315,109.216064,109.39071,109.42584,109.458534,109.11782,109.292465,109.38281,109.30712,109.22492,108.79443,108.75861,108.7228,109.0288,109.12598,109.15868,109.13822,109.117744,109.09728
110,110.717606,110.697136,110.676674,110.656204,110.52207,110.09593,110.06011,110.22273,110.39518,110.42966,110.46176,110.12449,110.296936,110.386024,110.31094,110.229385,109.803246,109.767426,109.731606,110.03396,110.1298,110.16191,110.14144,110.12097,110.1005
111,110.720825,110.70036,110.679886,110.659424,110.52655,110.10474,110.068924,110.229416,110.39964,110.43348,110.46498,110.13117,110.3014,110.389244,110.314766,110.233864,109.81204,109.77622,109.74041,110.039116,110.13362,110.16513,110.14465,110.12419,110.10372
112,110.72405,110.70358,110.68312,110.66264,110.53101,110.11354,110.07772,110.236084,110.40412,110.4373,110.4682,110.13784,110.30588,110.39247,110.31859,110.23833,109.820854,109.785034,109.749214,110.04428,110.13745,110.16835,110.14789,110.12741,110.10695
113,110.72727,110.7068,110.68633,110.66586,110.53549,110.122345,110.08653,110.24276,110.408585,110.441124,110.47142,110.144516,110.31034,110.39569,110.32241,110.2428,109.82965,109.79383,109.75802,110.049446,110.14127,110.17157,110.1511,110.13063,110.11017
114,109.73049,109.710014,109.68955,109.66909,109.539955,109.13115,109.09533,109.24944,109.413055,109.44495,109.47465,109.151184,109.31481,109.39891,109.32623,109.24726,108.83846,108.80264,108.76682,109.0546,109.145096,109.1748,109.15432,109.13386,109.11339
115,107.73371,107.71324,107.69277,107.67231,107.544426,107.13995,107.10414,107.25611,107.41753,107.44877,107.47787,107.15787,107.319275,107.40213,107.33006,107.25174,106.84726,106.81144,106.77563,107.05977,107.14892,107.17802,107.15754,107.13708,107.1166
116,104.73694,104.71646,104.696,104.67553,104.54889,104.14876,104.11294,104.26279,104.422,104.45259,104.48108,104.16454,104.32375,104.40536,104.333885,104.2562,103.85607,103.82025,103.784424,104.06493,104.15274,104.18123,104.16077,104.1403,104.11983
117,102.74016,102.71968,102.69922,102.67874,102.55337,102.157555,102.12175,102.269455,102.42646,102.45641,102.4843,102.17121,102.32822,102.40858,102.33771,102.26068,101.86487,101.82905,101.793236,102.07009,102.15656,102.18445,102.16399,102.14351,102.12305
118,99.74337,99.7229,99.70244,99.68198,99.55783,99.16637,99.13055,99.27614,99.43094,99.460236,99.487526,99.177895,99.332695,99.4118,99.34153,99.26515,98.87368,98.83786,98.80203,99.07526,99.160385,99.187675,99.167206,99.14674,99.12627
119,97.74659,97.72613,97.70566,97.68519,97.56231,97.17516,97.13936,97.28281,97.4354,97.46406,97.490746,97.18456,97.33716,97.415016,97.345345,97.269615,96.88248,96.84666,96.810844,97.08041,97.16421,97.190895,97.170425,97.149956,97.129486
120,94.74981,94.72935,94.708885,94.68841,94.56677,94.183975,94.148155,94.28948,94.43987,94.46788,94.493965,94.19124,94.34163,94.41824,94.34917,94.27409,93.89129,93.85547,93.81964,94.08557,94.16803,94.194115,94.17365,94.153175,94.13271
121,93.75304,93.73257,93.712105,93.69163,93.57124,93.19277,93.15696,93.296165,93.44435,93.47171,93.497185,93.19791,93.34609,93.421455,93.35299,93.27856,92.900085,92.864265,92.82845,93.09074,93.17185,93.197334,93.17687,93.156395,93.13593
122,93.756256,93.73579,93.71532,93.694855,93.57572,93.201584,93.165764,93.30283,93.448814,93.47553,93.50041,93.20459,93.35057,93.424675,93.35681,93.28303,92.9089,92.87307,92.83725,93.095894,93.175674,93.200554,93.180084,93.159615,93.13915
123,95.759476,95.73901,95.71854,95.698074,95.580185,95.21038,95.17457,95.30951,95.45329,95.479355,95.50363,95.211266,95.355034,95.427895,95.360634,95.28749,94.917694,94.881874,94.84606,95.10106,95.179504,95.20378,95.183304,95.16284,95.14237
124,99.762695,99.74223,99.72176,99.701294,99.584656,99.21919,99.18337,99.316185,99.457756,99.48318,99.50685,99.21793,99.35951,99.431114,99.364456,99.29197,98.926506,98.89068,98.85486,99.106224,99.18333,99.207,99.18653,99.16606,99.1456
125,105.76592,105.745445,105.72498,105.70451,105.58912,105.22799,105.19218,105.32286,105.46223,105.487,105.51007,105.22462,105.36398,105.43434,105.36828,105.29643,104.9353,104.89948,104.86367,105.11138,105.18715,105.21021,105.18975,105.16928,105.14881
126,126.90533,126.884865,126.86439,126.843925,126.785065,126.62432,126.58851,126.62006,126.65816,126.65356,126.64948,126.52181,126.55991,126.573746,126.534836,126.49238,126.331635,126.29582,126.26,126.3389,126.35371,126.34963,126.329155,126.30869,126.28823
127,126.90534,126.88487,126.86441,126.84393,126.78507,126.62436,126.58854,126.62008,126.65818,126.65357,126.64949,126.521835,126.55994,126.57377,126.53486,126.492386,126.331665,126.295845,126.26003,126.33891,126.353714,126.34964,126.32918,126.3087,126.28824
128,117.888824,117.868355,117.847885,117.827415,117.761894,117.57761,117.54179,117.584984,117.63499,117.63384,117.63297,117.48674,117.53674,117.55724,117.51514,117.46921,117.28492,117.2491,117.21329,117.31201,117.33399,117.33312,117.31265,117.29218,117.27172
129,117.8723,117.85183,117.83137,117.8109,117.7387,117.53085,117.49503,117.54988,117.61181,117.61413,117.616455,117.45163,117.513565,117.540726,117.49541,117.446014,117.23817,117.20235,117.16653,117.28511,117.31428,117.3166,117.296135,117.275665,117.255196
130,117.855774,117.83531,117.81485,117.79437,117.71552,117.48411,117.44829,117.51477,117.58862,117.594406,117.59993,117.41653,117.49037,117.52421,117.475685,117.42284,117.191414,117.155594,117.119774,117.2582,117.294556,117.30008,117.27962,117.25914,117.23868
131,117.83926,117.818794,117.79832,117.777855,117.692345,117.437355,117.401535,117.47967,117.56544,117.574684,117.58341,117.381424,117.46719,117.507675,117.45597,117.39966,117.14467,117.10885,117.07302,117.2313,117.274826,117.28356,117.263084,117.24262,117.22216
132,117.82274,117.80227,117.7818,117.76134,117.66915,117.390594,117.35478,117.44457,117.54226,117.554955,117.566895,117.34633,117.44401,117.49116,117.43625,117.376465,117.09791,117.062096,117.026276,117.2044,117.255104,117.26704,117.24657,117.226105,117.20564
133,117.80621,117.78575,117.76528,117.74481,117.64597,117.34384,117.30803,117.40947,117.51907,117.53524,117.55037,117.311226,117.42083,117.47464,117.41652,117.35329,117.051155,117.015335,116.97952,117.17749,117.23539,117.25052,117.23005,117.20958,117.18912
134,126.9054,126.884926,126.86446,126.843994,126.78516,126.62453,126.58871,126.62021,126.65826,126.65364,126.64954,126.521965,126.560005,126.57382,126.53492,126.49247,126.33183,126.29601,126.2602,126.339005,126.35379,126.34969,126.32923,126.30876,126.28829
135,117.9054,117.884926,117.86446,117.843994,117.78516,117.62453,117.58871,117.62021,117.65826,117.65364,117.64954,117.521965,117.560005,117.57382,117.53492,117.49247,117.33183,117.29601,117.2602,117.339005,117.35379,117.34969,117.32923,117.30876,117.28829
136,117.9054,117.884926,117.86446,117.843994,117.78516,117.62453,117.58871,117.62021,117.65826,117.65364,117.64954,117.521965,117.560005,117.57382,117.53492,117.49247,117.33183,117.29601,117.2602,117.339005,117.35379,117.34969,117.32923,117.30876,117.28829
137,117.9054,117.884926,117.86446,117.843994,117.78516,117.62453,117.58871,117.62021,117.65826,117.65364,117.64954,117.521965,117.560005,117.57382,117.53492,117.49247,117.33183,117.29601,117.2602,117.339005,117.35379,117.34969,117.32923,117.30876,117.28829
138,117.9054,117.884926,117.86446,117.843994,117.78516,117.62453,117.58871,117.62021,117.65826,117.65364,117.64954,117.521965,117.560005,117.57382,117.53492,117.49247,117.33183,117.29601,117.2602,117.339005,117.35379,117.34969,117.32923,117.30876,117.28829
139,117.9054,117.884926,117.86446,117.843994,117.78516,117.62453,117.58871,117.62021,117.65826,117.65364,117.64954,117.521965,117.560005,117.57382,117.53492,117.49247,117.33183,117.29601,117.2602,117.339005,117.35379,117.34969,117.32923,117.30876,117.28829
140,116.9054,116.884926,116.86446,116.843994,116.78516,116.62453,116.58871,116.62021,116.65826,116.65364,116.64954,116.521965,116.560005,116.57382,116.53492,116.49247,116.33183,116.29601,116.2602,116.339005,116.35379,116.34969,116.32923,116.30876,116.28829
141,115.9054,115.884926,115.86446,115.843994,115.78516,115.62453,115.58871,115.62021,115.65826,115.65364,115.64954,115.521965,115.560005,115.57382,115.53492,115.49247,115.33183,115.29601,115.2602,115.339005,115.35379,115.34969,115.32923,115.30876,115.28829
142,114.9054,114.884926,114.86446,114.843994,114.78516,114.62453,114.58871,114.62021,114.65826,114.65364,114.64954,114.521965,114.560005,114.57382,114.53492,114.49247,114.33183,114.29601,114.2602,114.339005,114.35379,114.34969,114.32923,114.30876,114.28829
143,114.9054,114.884926,114.86446,114.843994,114.78516,114.62453,114.58871,114.62021,114.65826,114.65364,114.64954,114.521965,114.560005,114.57382,114.53492,114.49247,114.33183,114.29601,114.2602,114.339005,114.35379,114.34969,114.32923,114.30876,114.28829
144,113.9054,113.884926,113.86446,113.843994,113.78516,113.62453,113.58871,113.62021,113.65826,113.65364,113.64954,113.521965,113.560005,113.57382,113.53492,113.49247,113.33183,113.29601,113.2602,113.339005,113.35379,113.34969,113.32923,113.30876,113.28829
145,113.9054,113.884926,113.86446,113.843994,113.78516,113.62453,113.58871,113.62021,113.65826,113.65364,113.64954,113.521965,113.560005,113.57382,113.53492,113.49247,113.33183,113.29601,113.2602,113.339005,113.35379,113.34969,113.32923,113.30876,113.28829
146,113.9054,113.884926,113.86446,113.843994,113.78516,113.62453,113.58871,113.62021,113.65826,113.65364,113.64954,113.521965,113.560005,113.57382,113.53492,113.49247,113.33183,113.29601,113.2602,113.339005,113.35379,113.34969,113.32923,113.30876,113.28829
147,112.9054,112.884926,112.86446,112.843994,112.78516,112.62453,112.58871,112.62021,112.65826,112.65364,112.64954,112.521965,112.560005,112.57382,112.53492,112.49247,112.33183,112.29601,112.2602,112.339005,112.35379,112.34969,112.32923,112.30876,112.28829
148,112.9054,112.884926,112.86446,112.843994,112.78516,112.62453,112.58871,112.62021,112.65826,112.65364,112.64954,112.521965,112.560005,112.57382,112.53492,112.49247,112.33183,112.29601,112.2602,112.339005,112.35379,112.34969,112.32923,112.30876,112.28829
149,112.9054,112.884926,112.86446,112.843994,112.78516,112.62453,112.58871,112.62021,112.65826,112.65364,112.64954,112.521965,112.560005,112.57382,112.53492,112.49247,112.33183,112.29601,112.2602,112.339005,112.35379,112.34969,112.32923,112.30876,112.28829
150,113.9054,113.884926,113.86446,113.843994,113.78516,113.62453,113.58871,113.62021,113.65826,113.65364,113.64954,113.521965,113.560005,113.57382,113.53492,113.49247,113.33183,113.29601,113.2602,113.339005,113.35379,113.34969,113.32923,113.30876,113.28829
151,115.9054,115.884926,115.86446,115.843994,115.78516,115.62453,115.58871,115.62021,115.65826,115.65364,115.64954,115.521965,115.560005,115.57382,115.53492,115.49247,115.33183,115.29601,115.2602,115.339005,115.35379,115.34969,115.32923,115.30876,115.28829
152,117.9054,117.884926,117.86446,117.843994,117.78516,117.62453,117.58871,117.62021,117.65826,117.65364,117.64954,117.521965,117.560005,117.57382,117.53492,117.49247,117.33183,117.29601,117.2602,117.339005,117.35379,117.34969,117.32923,117.30876,117.28829
153,119.9054,119.884926,119.86446,119.843994,119.78516,119.62453,119.58871,119.62021,119.65826,119.65364,119.64954,119.521965,119.560005,119.57382,119.53492,119.49247,119.33183,119.29601,119.2602,119.339005,119.35379,119.34969,119.32923,119.30876,119.28829
154,118.9054,118.884926,118.86446,118.843994,118.78516,118.62453,118.58871,118.62021,118.65826,118.65364,118.64954,118.521965,118.560005,118.57382,118.53492,118.49247,118.33183,118.29601,118.2602,118.339005,118.35379,118.34969,118.32923,118.30876,118.28829
155,116.9054,116.884926,116.86446,116.843994,116.78516,116.62453,116.58871,116.62021,116.65826,116.65364,116.64954,116.521965,116.560005,116.57382,116.53492,116.49247,116.33183,116.29601,116.2602,116.339005,116.35379,116.34969,116.32923,116.30876,116.28829
156,114.9054,114.884926,114.86446,114.843994,114.78516,114.62453,114.58871,114.62021,114.65826,114.65364,114.64954,114.521965,114.560005,114.57382,114.53492,114.49247,114.33183,114.29601,114.2602,114.339005,114.35379,114.34969,114.32923,114.30876,114.28829
157,111.9054,111.884926,111.86446,111.843994,111.78516,111.62453,111.58871,111.62021,111.65826,111.65364,111.64954,111.521965,111.560005,111.57382,111.53492,111.49247,111.33183,111.29601,111.2602,111.339005,111.35379,111.34969,111.32923,111.30876,111.28829
158,110.9054,110.884926,110.86446,110.843994,110.78516,110.62453,110.58871,110.62021,110.65826,110.65364,110.64954,110.521965,110.560005,110.57382,110.53492,110.49247,110.33183,110.29601,110.2602,110.339005,110.35379,110.34969,110.32923,110.30876,110.28829
159,109.9054,109.884926,109.86446,109.843994,109.78516,109.62453,109.58871,109.62021,109.65826,109.65364,109.64954,109.521965,109.560005,109.57382,109.53492,109.49247,109.33183,109.29601,109.2602,109.339005,109.35379,109.34969,109.32923,109.30876,109.28829
160,109.9054,109.884926,109.86446,109.843994,109.78516,109.62453,109.58871,109.62021,109.65826,109.65364,109.64954,109.521965,109.560005,109.57382,109.53492,109.49247,109.33183,109.29601,109.2602,109.339005,109.35379,109.34969,109.32923,109.30876,109.28829
161,108.9054,108.884926,108.86446,108.843994,108.78516,108.62453,108.58871,108.62021,108.65826,108.65364,108.64954,108.521965,108.560005,108.57382,108.53492,108.49247,108.33183,108.29601,108.2602,108.339005,108.35379,108.34969,108.32923,108.30876,108.28829
162,106.9054,106.884926,106.86446,106.843994,106.78516,106.62453,106.58871,106.62021,106.65826,106.65364,106.64954,106.521965,106.560005,106.57382,106.53492,106.49247,106.33183,106.29601,106.2602,106.339005,106.35379,106.34969,106.32923,106.30876,106.28829
163,104.9054,104.884926,104.86446,104.843994,104.78516,104.62453,104.58871,104.62021,104.65826,104.65364,104.64954,104.521965,104.560005,104.57382,104.53492,104.49247,104.33183,104.29601,104.2602,104.339005,104.35379,104.34969,104.32923,104.30876,104.28829
164,104.9054,104.884926,104.86446,104.843994,104.78516,104.62453,104.58871,104.62021,104.65826,104.65364,104.64954,104.521965,104.560005,104.57382,104.53492,104.49247,104.33183,104.29601,104.2602,104.339005,104.35379,104.34969,104.32923,104.30876,104.28829
165,104.9054,104.884926,104.86446,104.843994,104.78516,104.62453,104.58871,104.62021,104.65826,104.65364,104.64954,104.521965,104.560005,104.57382,104.53492,104.49247,104.33183,104.29601,104.2602,104.339005,104.35379,104.34969,104.32923,104.30876,104.28829
166,104.9054,104.884926,104.86446,104.843994,104.78516,104.62453,104.58871,104.62021,104.65826,104.65364,104.64954,104.521965,104.560005,104.57382,104.53492,104.49247,104.33183,104.29601,104.2602,104.339005,104.35379,104.34969,104.32923,104.30876,104.28829
167,107.9054,107.884926,107.86446,107.843994,107.78516,107.62453,107.58871,107.62021,107.65826,107.65364,107.64954,107.521965,107.560005,107.57382,107.53492,107.49247,107.33183,107.29601,107.2602,107.339005,107.35379,107.34969,107.32923,107.30876,107.28829
168,109.9054,109.884926,109.86446,109.843994,109.78516,109.62453,109.58871,109.62021,109.65826,109.65364,109.64954,109.521965,109.560005,109.57382,109.53492,109.49247,109.33183,109.29601,109.2602,109.339005,109.35379,109.34969,109.32923,109.30876,109.28829
169,110.9054,110.884926,110.86446,110.843994,110.78516,110.62453,110.58871,110.62021,110.65826,110.65364,110.64954,110.521965,110.560005,110.57382,110.53492,110.49247,110.33183,110.29601,110.2602,110.339005,110.35379,110.34969,110.32923,110.30876,110.28829
170,111.9054,111.884926,111.86446,111.843994,111.78516,111.62453,111.58871,111.62021,111.65826,111.65364,111.64954,111.521965,111.560005,111.57382,111.53492,111.49247,111.33183,111.29601,111.2602,111.339005,111.35379,111.34969,111.32923,111.30876,111.28829
171,117.7709,117.750435,117.72996,117.709496,117.59597,117.24118,117.20537,117.33295,117.46906,117.492874,117.51505,117.234695,117.37082,117.439316,117.37416,117.303276,116.948494,116.912674,116.87686,117.11925,117.19302,117.2152,117.194725,117.17426,117.15379
172,116.766174,116.7457,116.725235,116.704765,116.589424,116.2284,116.19258,116.32322,116.462524,116.487274,116.510315,116.224976,116.36428,116.43459,116.36856,116.29674,115.935715,115.89989,115.86407,116.1117,116.187416,116.210464,116.19,116.16953,116.14906
173,114.76144,114.740974,114.7205,114.700035,114.58288,114.215614,114.1798,114.3135,114.455986,114.48167,114.50559,114.215256,114.35774,114.429855,114.36296,114.2902,113.92292,113.8871,113.85129,114.104164,114.181816,114.20574,114.185265,114.1648,114.14433
174,114.756714,114.73624,114.715775,114.695305,114.57634,114.20283,114.16701,114.30378,114.44945,114.47607,114.50086,114.20553,114.351204,114.42513,114.35735,114.28365,113.91014,113.87432,113.83851,114.09663,114.176216,114.201004,114.18054,114.16007,114.1396
175,117.803566,117.78309,117.76263,117.742165,117.64222,117.33616,117.30034,117.40373,117.51532,117.53206,117.54772,117.30548,117.41707,117.471985,117.41334,117.349525,117.04347,117.00765,116.97183,117.17313,117.23221,117.247856,117.227394,117.206924,117.18646
176,116.78876,116.76829,116.74782,116.727356,116.62142,116.294136,116.258316,116.37221,116.494514,116.51437,116.53291,116.273964,116.39627,116.45718,116.39565,116.32873,116.00145,115.96563,115.92982,116.14898,116.214516,116.233055,116.212585,116.19212,116.17165
177,114.77395,114.75349,114.73301,114.71255,114.60062,114.25212,114.2163,114.34068,114.47372,114.49668,114.518105,114.24244,114.37547,114.44237,114.377975,114.30793,113.959435,113.92361,113.88779,114.12483,114.19683,114.218254,114.19778,114.177315,114.156845
178,114.75914,114.73868,114.7182,114.69774,114.57982,114.2101,114.17427,114.30916,114.45292,114.479,114.503296,114.210915,114.354675,114.42756,114.36029,114.28713,113.917404,113.881584,113.84577,114.100685,114.179146,114.203445,114.18297,114.162506,114.142044
179,113.743324,113.722855,113.70239,113.681915,113.55758,113.16505,113.129234,113.27539,113.43068,113.4601,113.48747,113.17715,113.33243,113.41175,113.34138,113.26489,112.87236,112.83653,112.80073,113.07486,113.16025,113.18762,113.16716,113.14668,113.12622
180,113.728165,113.7077,113.687225,113.66676,113.5363,113.12208,113.08626,113.24314,113.40939,113.44199,113.47232,113.1449,113.31115,113.39658,113.32328,113.24361,112.82939,112.79357,112.75775,113.05015,113.14214,113.17247,113.15199,113.13153,113.11106
181,113.71301,113.69254,113.67207,113.6516,113.51501,113.07911,113.04329,113.21089,113.388115,113.4239,113.45716,113.11265,113.28986,113.38143,113.305176,113.22232,112.786415,112.750595,112.714775,113.025444,113.12405,113.15731,113.13684,113.11637,113.09591
182,113.69785,113.67738,113.65691,113.63645,113.49372,113.03613,113.00031,113.17864,113.36683,113.40579,113.44201,113.0804,113.268585,113.36627,113.28709,113.201035,112.74345,112.70763,112.671814,113.00074,113.10594,113.14215,113.12168,113.10122,113.08074
183,112.6827,112.662224,112.64176,112.621284,112.47244,111.99316,111.957344,112.14639,112.34555,112.387695,112.42684,112.04815,112.2473,112.35112,112.26898,112.17975,111.70047,111.66466,111.62884,111.976036,112.087845,112.12699,112.10653,112.08605,112.06559
184,112.667534,112.64707,112.6266,112.60613,112.45116,111.950195,111.914375,112.11416,112.324265,112.36959,112.41169,112.0159,112.22602,112.33596,112.250885,112.15847,111.65751,111.62168,111.58586,111.95134,112.06974,112.11184,112.09137,112.0709,112.05044
185,113.75505,113.73457,113.71411,113.693634,113.574036,113.19831,113.1625,113.30035,113.44714,113.4741,113.49919,113.2021,113.34889,113.42347,113.35538,113.28136,112.90562,112.86981,112.833984,113.09396,113.17424,113.19934,113.17888,113.1584,113.13794
186,110.75505,110.73457,110.71411,110.693634,110.574036,110.19831,110.1625,110.30035,110.44714,110.4741,110.49919,110.2021,110.34889,110.42347,110.35538,110.28136,109.90562,109.86981,109.833984,110.09396,110.17424,110.19934,110.17888,110.1584,110.13794
187,113.75231,113.73184,113.71137,113.6909,113.57025,113.19084,113.15502,113.294685,113.443344,113.47085,113.49646,113.19644,113.3451,113.42073,113.352135,113.27756,112.89815,112.86233,112.826515,113.08959,113.171,113.19661,113.17614,113.15567,113.13521
188,113.74958,113.7291,113.70864,113.68818,113.56645,113.18337,113.14755,113.28902,113.43955,113.467606,113.49374,113.19077,113.34131,113.418,113.34889,113.273766,112.89068,112.85486,112.81904,113.08521,113.167755,113.19387,113.17341,113.15294,113.13247
189,113.74684,113.72638,113.70591,113.68544,113.56266,113.175896,113.14008,113.283356,113.43577,113.464355,113.491,113.18511,113.33751,113.41526,113.34565,113.26997,112.8832,112.84738,112.81157,113.080826,113.164505,113.19115,113.17068,113.15021,113.12974
190,113.74411,113.72365,113.70317,113.68271,113.55886,113.16843,113.1326,113.27769,113.43197,113.46112,113.488266,113.17944,113.333725,113.41253,113.3424,113.266174,112.87573,112.83991,112.8041,113.07645,113.16126,113.188416,113.16794,113.14748,113.127014
191,112.74139,112.72091,112.70045,112.67997,112.55507,112.16094,112.12513,112.272026,112.42818,112.45788,112.48553,112.173775,112.329926,112.409805,112.33916,112.26239,111.868256,111.83244,111.79662,112.07207,112.15802,112.18568,112.165215,112.14474,112.124275
192,112.73865,112.71818,112.69771,112.67724,112.551285,112.15347,112.11765,112.26636,112.42438,112.45463,112.482796,112.168106,112.32613,112.40707,112.33592,112.25859,111.86079,111.82497,111.789154,112.06769,112.15478,112.182945,112.162476,112.142006,112.121544
193,111.735916,111.71544,111.69498,111.674515,111.547485,111.146,111.11018,111.26069,111.420586,111.451385,111.48007,111.162445,111.32234,111.404335,111.33267,111.2548,110.85332,110.8175,110.78168,111.0633,111.15153,111.18021,111.159744,111.139275,111.118805
194,120.73318,120.712715,120.692245,120.671776,120.54369,120.13853,120.102715,120.25502,120.41679,120.44814,120.47733,120.15678,120.31854,120.401596,120.32943,120.25101,119.84584,119.81002,119.77421,120.05892,120.148285,120.17748,120.15701,120.13654,120.11607
195,115.730446,115.709984,115.68951,115.669044,115.539894,115.13106,115.09524,115.24936,115.413,115.4449,115.4746,115.151115,115.31476,115.398865,115.32618,115.24721,114.83837,114.80255,114.76672,115.05454,115.14505,115.17475,115.154274,115.13381,115.113335
196,117.72771,117.707245,117.68678,117.666306,117.5361,117.12358,117.08777,117.24369,117.40921,117.44165,117.47186,117.14545,117.31097,117.39613,117.322945,117.24342,116.83089,116.795074,116.759254,117.05016,117.1418,117.17201,117.15155,117.13107,117.11061
197,118.72498,118.70451,118.684044,118.663574,118.53232,118.11611,118.08029,118.23803,118.40541,118.43841,118.46913,118.139786,118.30717,118.3934,118.319695,118.239624,117.82342,117.7876,117.751785,118.04578,118.13856,118.16928,118.14881,118.12834,118.10788
198,116.72225,116.701775,116.68131,116.66085,116.52852,116.10864,116.07282,116.23236,116.40162,116.43517,116.46639,116.13412,116.303375,116.39067,116.31645,116.23583,115.81595,115.78013,115.74431,116.0414,116.13531,116.16654,116.14608,116.12561,116.10514
199,113.71951,113.69904,113.67858,113.65811,113.52473,113.10116,113.06535,113.2267,113.39782,113.43192,113.46367,113.128456,113.299576,113.38793,113.3132,113.23204,112.80847,112.77265,112.73684,113.037025,113.13207,113.16382,113.14335,113.12288,113.10241
200,114.71678,114.69632,114.67584,114.65538,114.520935,114.09369,114.05787,114.22103,114.394035,114.42868,114.46094,114.12279,114.29579,114.3852,114.30997,114.22824,113.801,113.76518,113.72936,114.032646,114.12882,114.16109,114.14061,114.12015,114.09967
201,112.71404,112.69358,112.67311,112.65264,112.517136,112.08621,112.0504,112.21537,112.39024,112.42543,112.4582,112.11713,112.292,112.38247,112.306725,112.22445,111.793526,111.757706,111.72189,112.02827,112.12558,112.15835,112.13788,112.11741,112.09695
202,112.71132,112.69085,112.67038,112.64991,112.51334,112.07874,112.04292,112.2097,112.386444,112.422195,112.45547,112.11146,112.2882,112.37974,112.303474,112.220665,111.78606,111.75024,111.714424,112.02388,112.122345,112.15562,112.13515,112.11468,112.094215
203,112.70859,112.68811,112.66765,112.64718,112.50955,112.07127,112.03545,112.20404,112.38265,112.418945,112.45273,112.1058,112.28441,112.37701,112.30023,112.216866,111.77859,111.74277,111.70695,112.0195,112.119095,112.15288,112.132416,112.111946,112.09148
204,111.70585,111.68538,111.66492,111.64445,111.50576,111.0638,111.027985,111.19837,111.37885,111.4157,111.450005,111.10013,111.28061,111.37427,111.29699,111.21307,110.77111,110.73528,110.69948,111.01512,111.11585,111.150154,111.129684,111.10921,111.088745
205,110.70312,110.682655,110.66218,110.641716,110.50197,110.05633,110.02051,110.19271,110.37507,110.41245,110.44727,110.09447,110.276825,110.37154,110.29375,110.209274,109.76364,109.72781,109.69199,110.01074,110.1126,110.14742,110.126945,110.10648,110.086006
206,110.70038,110.67992,110.65945,110.63898,110.49817,110.04885,110.01304,110.18704,110.37128,110.40922,110.444534,110.0888,110.27303,110.368805,110.2905,110.20548,109.75616,109.72034,109.684525,110.006355,110.10937,110.144684,110.124214,110.103745,110.08328
207,109.697655,109.677185,109.656715,109.636246,109.49438,109.04138,109.00556,109.18138,109.36748,109.40597,109.4418,109.08314,109.26923,109.36607,109.287254,109.2017,108.74869,108.71287,108.677055,109.001976,109.10612,109.14195,109.12148,109.10101,109.08055
208,110.6244,110.60393,110.583466,110.562996,110.39056,109.82772,109.7919,110.02227,110.26366,110.31807,110.36855,109.92403,110.165405,110.292816,110.19935,110.09787,109.53503,109.49921,109.46339,109.88098,110.01822,110.068695,110.04823,110.02776,110.0073
209,110.63533,110.61487,110.5944,110.57394,110.405914,109.85875,109.82294,110.04556,110.27902,110.33113,110.379486,109.94732,110.18078,110.30376,110.21242,110.113235,109.56606,109.53025,109.49443,109.89881,110.03128,110.079636,110.059166,110.038704,110.018234
210,110.63617,110.6157,110.59524,110.57476,110.40708,109.86109,109.82527,110.04732,110.28018,110.33212,110.38032,109.949066,110.18194,110.30459,110.21341,110.114395,109.568405,109.532585,109.496765,109.90016,110.032265,110.08047,110.060005,110.03953,110.019066
211,109.637,109.61652,109.59606,109.5756,109.40825,108.86343,108.82761,109.04907,109.28135,109.33311,109.38116,108.95083,109.1831,109.30542,109.2144,109.11556,108.57074,108.53492,108.4991,108.90151,109.03326,109.08129,109.06083,109.04037,109.01989
212,109.637825,109.61736,109.59689,109.57642,109.40942,108.86576,108.82994,109.05083,109.28251,109.33411,109.38198,108.95258,109.184265,109.306244,109.215385,109.11672,108.573074,108.537254,108.501434,108.902855,109.03425,109.08213,109.06166,109.04119,109.02072
213,110.638664,110.61819,110.597725,110.577255,110.410576,109.868095,109.832275,110.05259,110.28367,110.33509,110.38281,109.954346,110.185425,110.30708,110.21637,110.11789,109.57541,109.53959,109.50377,109.904205,110.03524,110.08296,110.06249,110.04202,110.02156
214,109.63949,109.61902,109.59856,109.57808,109.411736,108.87043,108.83461,109.054344,109.284836,109.33609,109.38364,108.9561,109.18659,109.307915,109.21737,109.11905,108.57774,108.54192,108.5061,108.905556,109.036224,109.083786,109.063324,109.04285,109.022385
215,109.64032,109.61986,109.59938,109.57892,109.4129,108.872765,108.836945,109.05611,109.285995,109.337074,109.384476,108.957855,109.18775,109.30874,109.21835,109.12021,108.58008,108.54426,108.50844,108.906906,109.037224,109.084625,109.06415,109.043686,109.02322
216,108.64114,108.62068,108.60021,108.57975,108.41406,107.8751,107.83928,108.05786,108.28716,108.338066,108.3853,107.95961,108.18891,108.30957,108.21935,108.121376,107.58241,107.54659,107.51077,107.90825,108.03821,108.08545,108.06498,108.04452,108.02405
217,108.64198,108.62151,108.60105,108.580574,108.41523,107.87743,107.84161,108.05961,108.28832,108.33906,108.38613,107.961365,108.19008,108.3104,108.22034,108.122536,107.58475,107.54893,107.513115,107.9096,108.0392,108.08628,108.06582,108.04534,108.02488
218,110.62284,110.60238,110.5819,110.56144,110.38833,109.82304,109.78722,110.01882,110.26143,110.31619,110.367,109.92058,110.163185,110.29126,110.19747,110.09564,109.53035,109.49453,109.45871,109.878365,110.01634,110.06715,110.04667,110.02621,110.00574
219,108.630226,108.60976,108.58929,108.56882,108.398766,107.844376,107.808556,108.034744,108.27186,108.325035,108.374374,107.9365,108.173615,108.298645,108.20632,108.10607,107.55169,107.51587,107.48006,107.8905,108.02518,108.074524,108.054054,108.033585,108.01312
220,108.629555,108.60909,108.58862,108.56815,108.39782,107.84248,107.806656,108.033325,108.27092,108.324234,108.37371,107.93508,108.172676,108.29798,108.20552,108.10513,107.54979,107.51397,107.47815,107.88942,108.02438,108.07386,108.05339,108.03292,108.01245
221,109.6289,109.60842,109.58796,109.56749,109.39688,108.840576,108.80476,109.0319,109.26999,109.32345,109.37304,108.933655,109.171745,109.29732,109.20473,109.104195,108.54788,108.51206,108.47625,108.888336,109.02358,109.07319,109.05273,109.03226,109.01179
222,109.62823,109.607765,109.58729,109.566826,109.39595,108.83868,108.80286,109.03048,109.26905,109.32265,109.37238,108.932236,109.17081,109.296646,109.20393,109.103264,108.54599,108.51016,108.47435,108.88725,109.0228,109.07253,109.052055,109.03159,109.01112
223,110.62756,110.60709,110.58663,110.566154,110.39501,109.83678,109.80096,110.02905,110.26812,110.32185,110.37171,109.93081,110.16986,110.29599,110.20314,110.102325,109.54409,109.50827,109.47245,109.88616,110.022,110.07186,110.0514,110.03092,110.01046
224,109.6269,109.60643,109.58596,109.5655,109.39407,108.83487,108.79906,109.02763,109.26718,109.32105,109.371056,108.92939,109.16894,109.29532,109.20235,109.101395,108.54218,108.50636,108.47055,108.88507,109.0212,109.0712,109.05073,109.030266,109.009796
225,109.626236,109.60577,109.5853,109.564835,109.39314,108.83298,108.79715,109.02621,109.26624,109.32027,109.37039,108.92796,109.16799,109.294655,109.201546,109.10046,108.54028,108.50446,108.46865,108.88399,109.02042,109.07053,109.050064,109.029594,109.00913
226,110.625565,110.6051,110.58464,110.56416,110.392204,109.83108,109.79526,110.02479,110.26531,110.319466,110.36972,109.92654,110.16707,110.294,110.20075,110.09952,109.53838,109.50256,109.46674,109.8829,110.019615,110.06987,110.04941,110.02893,110.00847
227,110.62491,110.60443,110.58397,110.56351,110.39127,109.82917,109.79336,110.02336,110.26437,110.31867,110.369064,109.92512,110.16612,110.29333,110.19996,110.09859,109.53648,109.500656,109.46484,109.881805,110.01882,110.069214,110.04874,110.028275,110.0078
228,107.7239,107.70344,107.68296,107.6625,104.307655,92.49803,92.46222,98.250496,104.18075,105.88836,107.468056,98.15225,104.082504,107.39232,105.76964,104.01496,92.20534,92.16952,92.133705,102.02242,105.58851,107.168205,107.14773,107.127266,107.1068
229,109.354324,109.333855,109.313385,109.29292,106.59596,97.11341,97.07759,101.71557,106.469055,107.83486,109.09848,101.617325,106.37081,109.02274,107.71615,106.30327,96.820724,96.784904,96.749084,104.67794,107.53501,108.79862,108.77815,108.75769,108.73721
230,108.94551,108.92504,108.90457,108.88411,106.82777,99.608635,99.572815,103.09235,106.700874,107.73389,108.68967,102.9941,106.60263,108.61393,107.61518,106.53508,99.31595,99.28013,99.24431,105.26716,107.43404,108.38981,108.36934,108.34888,108.3284
231,109.5367,109.51622,109.49576,109.475296,108.05958,103.10385,103.06803,105.46914,107.93268,108.63293,109.28085,105.370895,107.834435,109.20512,108.514206,107.766884,102.811165,102.77534,102.739525,106.85637,108.33308,108.98099,108.960526,108.940056,108.919586
232,110.127884,110.10741,110.086945,110.066475,109.29139,106.599075,106.563255,107.845924,109.16449,109.53195,109.872025,107.74767,109.066246,109.7963,109.413246,108.9987,106.30638,106.27056,106.23474,108.44557,109.2321,109.572174,109.55171,109.53124,109.51077
233,110.60564,110.58516,110.5647,110.54422,110.36403,109.773445,109.73762,109.981766,110.23714,110.29558,110.34978,109.88352,110.13888,110.274055,110.17686,110.07134,109.48075,109.44493,109.40911,109.8501,109.99573,110.04993,110.029465,110.00899,109.988525
235,110.58842,110.567955,110.54748,110.527016,110.33974,109.72385,109.68803,109.94471,110.21283,110.27496,110.33257,109.84646,110.114586,110.256836,110.15625,110.04704,109.43116,109.39533,109.35951,109.82183,109.97511,110.03272,110.012245,109.99178,109.971306
237,109.571205,109.550735,109.53027,109.509796,109.31543,108.67425,108.63843,108.907646,109.18853,109.25435,109.31535,108.8094,109.09029,109.239624,109.135635,109.022736,108.38156,108.34574,108.30991,108.79356,108.9545,109.0155,108.99504,108.97456,108.9541
238,102.5358,102.51532,102.49486,102.47439,102.26567,101.57367,101.53785,101.832214,102.13878,102.21205,102.279945,101.73396,102.040535,102.204216,102.09334,101.972984,101.28098,101.245155,101.20934,101.73579,101.91219,101.98009,101.959625,101.939156,101.918686
239,109.56164,109.541176,109.5207,109.50024,109.30192,108.64664,108.61083,108.88703,109.17502,109.24289,109.30579,108.78879,109.076775,109.23006,109.124176,109.00923,108.35395,108.31813,108.28232,108.77783,108.94304,109.00594,108.985466,108.965004,108.94453
240,110.5632,110.542725,110.52226,110.501785,110.304054,109.65071,109.61489,109.89016,110.17715,110.24473,110.30734,109.791916,110.0789,110.23162,110.126015,110.01136,109.358025,109.322205,109.286385,109.78028,109.94487,110.00749,109.98703,109.96655,109.94609
241,110.56475,110.54428,110.52381,110.50335,110.30618,109.65478,109.618965,109.89329,110.179276,110.24656,110.30891,109.795044,110.08103,110.23317,110.127846,110.0135,109.36209,109.32627,109.29046,109.78272,109.94671,110.00905,109.98859,109.96811,109.94765
242,109.56631,109.545845,109.52537,109.504906,109.308304,108.65885,108.62303,108.89641,109.18141,109.24839,109.31046,108.798164,109.08316,109.234726,109.129684,109.015625,108.366165,108.330345,108.294525,108.785164,108.94854,109.01061,108.990135,108.96967,108.949196
243,109.567856,109.54739,109.52693,109.506454,109.31043,108.66292,108.627106,108.899536,109.18354,109.25023,109.31201,108.80129,109.0853,109.23629,109.131516,109.017746,108.37023,108.33441,108.2986,108.787605,108.95037,109.01216,108.9917,108.97122,108.95076
244,108.56942,108.54895,108.52849,108.50801,108.31256,107.66699,107.63117,107.90266,108.18567,108.25207,108.31357,107.804405,108.087425,108.23784,108.13335,108.019875,107.374306,107.338486,107.30266,107.790054,107.9522,108.01372,107.993256,107.97278,107.95232
245,112.66456,112.6441,112.62363,112.60316,112.44695,111.9416,111.90578,112.107735,112.32006,112.36603,112.408714,112.00949,112.22181,112.33298,112.247314,112.15427,111.64891,111.61309,111.57727,111.946434,112.06618,112.108864,112.088394,112.067924,112.047455
246,112.66243,112.64197,112.62149,112.60103,112.44396,111.93555,111.89972,112.10319,112.31706,112.36348,112.406586,112.004944,112.21881,112.33085,112.244774,112.15127,111.64285,111.60703,111.57121,111.94297,112.06363,112.106735,112.08626,112.065796,112.04533
247,117.6603,117.639824,117.61936,117.5989,117.44096,116.92949,116.89367,117.09865,117.31407,117.36093,117.40446,117.000404,117.21581,117.32872,117.242226,117.14828,116.6368,116.600975,116.56517,116.93949,117.06108,117.10459,117.08413,117.06366,117.04319
248,116.65817,116.637695,116.61723,116.596756,116.437965,115.92343,115.88762,116.09411,116.31107,116.35839,116.40231,115.995865,116.21282,116.32659,116.23968,116.14528,115.630745,115.59493,115.55911,115.93601,116.05854,116.10246,116.082,116.06152,116.04106
249,117.65603,117.63557,117.615105,117.59463,117.434975,116.91739,116.88157,117.08957,117.30808,117.35584,117.400185,116.991325,117.20982,117.32446,117.23713,117.14229,116.624695,116.588875,116.553055,116.93253,117.05599,117.100334,117.07987,117.059395,117.03893
250,118.6539,118.63344,118.61296,118.5925,118.43198,117.91133,117.87551,118.08503,118.305084,118.353294,118.398056,117.986786,118.20683,118.32232,118.23459,118.13929,117.618645,117.582825,117.54701,117.929054,118.053444,118.098206,118.07773,118.05727,118.0368
251,117.65177,117.63131,117.61083,117.59037,117.428986,116.90527,116.86946,117.08049,117.302086,117.350746,117.39593,116.98225,117.20384,117.32019,117.23204,117.13629,116.61259,116.57677,116.540955,116.92558,117.050896,117.09608,117.0756,117.05514,117.03466
252,115.64964,115.629166,115.6087,115.58824,115.42599,114.89923,114.86341,115.07595,115.299095,115.348206,115.3938,114.97771,115.20085,115.31806,115.22949,115.1333,114.606544,114.57072,114.5349,114.922104,115.04835,115.09393,115.07347,115.05299,115.03253
253,114.64751,114.62704,114.606575,114.5861,114.423,113.89317,113.85735,114.0714,114.2961,114.34566,114.391655,113.97316,114.19785,114.31593,114.226944,114.1303,113.60049,113.56467,113.52885,113.918625,114.04581,114.091805,114.07134,114.050865,114.0304
254,112.64537,112.62491,112.60445,112.58397,112.42,111.887115,111.851295,112.066864,112.293106,112.34311,112.38953,111.96862,112.194855,112.3138,112.22439,112.12731,111.59443,111.55861,111.5228,111.915146,112.04326,112.089676,112.069214,112.04874,112.028275
255,112.65849,112.63802,112.61756,112.597084,112.43843,111.9244,111.88858,112.094826,112.31153,112.35878,112.40264,111.99658,112.21329,112.32691,112.24007,112.145744,111.631714,111.595894,111.56007,111.93655,112.05893,112.10279,112.08233,112.06185,112.04139
256,113.65581,113.63533,113.61487,113.5944,113.434654,112.916756,112.88094,113.089096,113.307755,113.35557,113.399956,112.99085,113.20951,113.32423,113.236855,113.14197,112.62406,112.58824,112.55243,112.93216,113.05571,113.1001,113.079636,113.059166,113.038704
258,115.65311,115.632645,115.61218,115.591705,115.43087,114.90912,114.8733,115.08337,115.30398,115.352356,115.39726,114.98512,115.205734,115.32154,115.233635,115.13819,114.61643,114.580605,114.54479,114.92778,115.052505,115.09741,115.07695,115.05647,115.03601
259,119.65042,119.62996,119.6095,119.58902,119.42709,118.90148,118.86566,119.07764,119.3002,119.349144,119.39458,118.97939,119.20196,119.31884,119.23043,119.13441,118.608795,118.57297,118.53715,118.923386,119.04929,119.09473,119.074265,119.05379,119.033325
260,111.64139,111.620926,111.60045,111.57999,111.41448,110.87628,110.84046,111.05865,111.287575,111.33839,111.385544,110.960396,111.18933,111.30981,111.21967,111.121796,110.583595,110.547775,110.51195,110.908775,111.038536,111.08569,111.065216,111.044754,111.024284
261,111.64261,111.62213,111.60167,111.58121,111.41618,110.8797,110.84387,111.06121,111.28928,111.339836,111.386765,110.96297,111.19103,111.31103,111.221115,111.1235,110.587006,110.551186,110.51537,110.91074,111.039986,111.0869,111.06644,111.04597,111.025505
262,110.643814,110.62335,110.60289,110.58241,110.417885,109.88312,109.8473,110.06378,110.290985,110.341286,110.38797,109.96553,110.19274,110.31225,110.222565,110.1252,109.59043,109.55461,109.51879,109.91273,110.041435,110.08812,110.06766,110.04718,110.02672
263,109.645035,109.62457,109.604095,109.58363,109.419586,108.886536,108.850716,109.06635,109.29269,109.342735,109.38919,108.96811,109.19444,109.31345,109.22402,109.1269,108.59384,108.55802,108.52221,108.914696,109.04288,109.08934,109.06886,109.0484,109.02793
264,109.646255,109.62578,109.605316,109.58485,109.42129,108.889946,108.85413,109.068924,109.29439,109.34418,109.3904,108.97068,109.196144,109.314674,109.22547,109.1286,108.59726,108.56145,108.52563,108.91667,109.04433,109.090546,109.07008,109.049614,109.029144
265,110.64746,110.627,110.60653,110.58606,110.42298,109.89337,109.85755,110.07149,110.29609,110.34563,110.39162,109.97324,110.197845,110.31588,110.22692,110.1303,109.60068,109.56486,109.529045,109.91864,110.04578,110.09177,110.0713,110.05083,110.030365
266,113.64868,113.62821,113.60774,113.58728,113.42468,112.89678,112.86097,113.074066,113.29779,113.347084,113.39284,112.97582,113.19955,113.3171,113.22836,113.132,112.604095,112.56828,112.53246,112.920616,113.04723,113.09298,113.07251,113.05205,113.03158
267,115.6499,115.629425,115.60896,115.58849,115.42639,114.90021,114.86439,115.07663,115.29949,115.34853,115.39404,114.978386,115.20125,115.31832,115.22981,115.1337,114.60752,114.57169,114.53587,114.922585,115.04868,115.09419,115.07373,115.05326,115.03279
268,117.65111,117.630646,117.610176,117.58971,117.42809,116.90362,116.867805,117.0792,117.30119,117.349976,117.39526,116.98096,117.20295,117.31953,117.23126,117.1354,116.61093,116.57511,116.5393,116.92456,117.050125,117.09541,117.07494,117.054474,117.034004
269,119.65233,119.63185,119.61139,119.59093,119.429794,118.90704,118.87122,119.08178,119.302895,119.351425,119.39648,118.98353,119.20465,119.32075,119.23272,119.1371,118.61436,118.57854,118.54271,118.92653,119.051575,119.09663,119.07616,119.05569,119.035225
270,118.653534,118.63307,118.61261,118.59214,118.431496,117.91045,117.87465,118.08434,118.3046,118.352875,118.39769,117.9861,118.20635,118.32197,118.23416,118.13881,117.61777,117.58195,117.546135,117.92851,118.053024,118.09784,118.07738,118.05691,118.03644
271,116.654755,116.63429,116.613815,116.59335,116.4332,115.91388,115.87806,116.08692,116.306305,116.354324,116.39891,115.98868,116.20806,116.32317,116.23561,116.14051,115.62119,115.58537,115.549545,115.93048,116.054474,116.09906,116.07858,116.05812,116.03765
273,115.655975,115.6355,115.615036,115.59457,115.4349,114.9173,114.881485,115.089485,115.30801,115.35578,115.40012,114.99124,115.20976,115.324394,115.23706,115.14221,114.6246,114.58878,114.55297,114.93246,115.055916,115.100266,115.0798,115.05933,115.038864
274,113.65718,113.63672,113.61625,113.59578,113.4366,112.920715,112.884895,113.09206,113.30971,113.35722,113.40134,112.99381,113.211464,113.32561,113.23851,113.14391,112.62803,112.59221,112.55639,112.934425,113.057365,113.10149,113.08102,113.06055,113.040085
275,112.6584,112.63793,112.61746,112.597,112.4383,111.92413,111.88831,112.094635,112.31141,112.35867,112.40256,111.99638,112.21316,112.32682,112.23996,112.145615,111.63144,111.59562,111.55981,111.9364,112.05882,112.1027,112.08223,112.06176,112.0413
276,108.69506,108.6746,108.65412,108.63366,108.49078,108.0343,107.99849,108.17601,108.36389,108.4029,108.43922,108.07777,108.26565,108.36348,108.28418,108.198105,107.741615,107.70579,107.669975,107.997826,108.10305,108.139366,108.11889,108.09843,108.077965
277,108.64206,108.6216,108.60112,108.58066,108.41534,107.87767,107.84185,108.059784,108.28844,108.33915,108.386215,107.96154,108.190186,108.31048,108.220436,108.12265,107.58498,107.54916,107.513336,107.90973,108.0393,108.086365,108.06589,108.045425,108.024956
278,109.642426,109.62195,109.60149,109.581024,109.41584,108.87869,108.84288,109.06056,109.28895,109.339584,109.38657,108.96231,109.1907,109.310844,109.22086,109.12315,108.586006,108.55018,108.514366,108.91032,109.03973,109.086716,109.06625,109.04579,109.025314
279,110.642784,110.622314,110.601845,110.581375,110.41635,109.87972,109.8439,110.06133,110.28945,110.34001,110.38693,109.96307,110.1912,110.3112,110.22129,110.123665,109.587036,109.551216,109.515396,109.910904,110.04016,110.08708,110.06661,110.04614,110.02568
280,110.643135,110.62267,110.60221,110.58173,110.416855,109.880745,109.84493,110.062096,110.28996,110.34044,110.38729,109.96385,110.19171,110.31157,110.22173,110.124176,109.58806,109.55224,109.516426,109.9115,110.04059,110.08744,110.06698,110.0465,110.02604
281,111.6435,111.62304,111.60256,111.5821,111.417366,110.88178,110.84596,111.06287,111.29046,111.34087,111.38766,110.96462,111.192215,111.31192,111.22216,111.12468,110.58909,110.55327,110.517456,110.91209,111.041016,111.08781,111.06733,111.04687,111.0264
282,112.64386,112.62339,112.60293,112.582466,112.41788,111.882805,111.84699,112.06364,112.29097,112.34131,112.388016,111.96539,112.192726,112.31229,112.22259,112.12519,111.59011,111.5543,111.51848,111.912674,112.04145,112.08816,112.067696,112.04723,112.02676
283,112.644226,112.62376,112.60329,112.58282,112.41838,111.883835,111.848015,112.06441,112.29149,112.341736,112.388374,111.96616,112.19323,112.312645,112.22302,112.125694,111.59115,111.55533,111.519516,111.91327,112.041885,112.088524,112.068054,112.047585,112.02712
284,119.64861,119.62814,119.60768,119.587204,119.424545,118.8963,118.86049,119.07376,119.29765,119.34698,119.39276,118.97552,119.199394,119.31704,119.228264,119.13186,118.60361,118.5678,118.531975,118.920425,119.04713,119.09291,119.07245,119.05197,119.03151
285,120.64719,120.62671,120.60625,120.58578,120.42254,119.892235,119.856415,120.07071,120.29563,120.34527,120.39133,119.972466,120.19739,120.315605,120.22655,120.129845,119.59955,119.56373,119.527916,119.91808,120.04542,120.09148,120.071014,120.050545,120.030075
286,118.64575,118.62528,118.60481,118.58434,118.42052,117.88817,117.85235,118.06766,118.293625,118.34356,118.3899,117.96941,118.19538,118.31417,118.22484,118.12783,117.59548,117.55966,117.52385,117.91575,118.0437,118.09005,118.06958,118.04911,118.02865
287,119.65005,119.62958,119.609116,119.58864,119.42656,118.900375,118.864555,119.07681,119.29966,119.348694,119.394196,118.97856,119.201416,119.31847,119.22997,119.133865,118.60768,118.57186,118.53604,118.92276,119.048836,119.094345,119.07388,119.053406,119.03294
288,119.53306,119.51259,119.49213,119.47165,119.25782,118.54031,118.50449,118.81264,119.13093,119.207016,119.27721,118.71439,119.032684,119.201485,119.088295,118.96513,118.24762,118.2118,118.17599,118.72459,118.907166,118.977356,118.956894,118.93642,118.915955
289,119.533165,119.51269,119.492226,119.47176,119.25797,118.54061,118.5048,118.81287,119.13107,119.20714,119.27732,118.714615,119.03283,119.201584,119.088425,118.96528,118.24792,118.2121,118.176285,118.72477,118.90729,118.977455,118.95699,118.93653,118.91605
290,120.533264,120.5128,120.492325,120.47186,120.25812,119.54092,119.5051,119.81309,120.131226,120.20727,120.27742,119.71484,120.03298,120.20168,120.08855,119.96543,119.24823,119.21241,119.17658,119.72493,119.90742,119.97757,119.9571,119.93663,119.91617
291,118.53338,118.5129,118.49244,118.47197,118.25827,117.541214,117.505394,117.81332,118.13137,118.2074,118.27753,117.71507,118.03313,118.2018,118.08868,117.965576,117.24853,117.21271,117.17688,117.72511,117.90754,117.97767,117.95721,117.93674,117.91627
292,119.50803,119.48756,119.467094,119.44662,119.22267,118.4693,118.43348,118.75936,119.095764,119.17712,119.252174,118.66112,118.99752,119.17645,119.0584,118.929985,118.17661,118.14079,118.10497,118.683784,118.877266,118.952324,118.93186,118.911385,118.89092
294,119.483,119.462524,119.44206,119.4216,119.18751,118.398285,118.36247,118.70608,119.060616,119.147224,119.22716,118.607834,118.96237,119.15142,119.02852,118.89482,118.1056,118.069786,118.03396,118.64297,118.847374,118.92729,118.90683,118.88637,118.86589
295,119.45797,119.43751,119.41703,119.39657,119.15236,118.32727,118.29145,118.65279,119.02545,119.117325,119.202126,118.55454,118.92721,119.12639,118.99862,118.85967,118.034584,117.998764,117.96295,118.60216,118.817474,118.902275,118.8818,118.861336,118.84086
297,118.43294,118.412476,118.392,118.37154,118.117195,117.25626,117.22044,117.59951,117.9903,118.08744,118.17709,117.50127,117.89206,118.10136,117.96873,117.82451,116.96358,116.92776,116.89193,117.561356,117.78759,117.87724,117.856766,117.8363,117.81584
298,117.40791,117.38744,117.36698,117.346504,117.08205,116.18526,116.14944,116.54623,116.95514,117.05755,117.15206,116.44798,116.856895,117.07633,116.93883,116.78936,115.89256,115.85674,115.82092,116.52054,116.7577,116.85221,116.83175,116.81127,116.79081
299,112.64104,112.620575,112.6001,112.579636,112.4139,111.874825,111.839005,112.05764,112.28701,112.33793,112.38519,111.9594,112.18877,112.309456,112.21922,112.121216,111.58213,111.54631,111.51049,111.90807,112.03808,112.08534,112.064865,112.0444,112.023926
300,112.63973,112.61926,112.59879,112.57833,112.41208,111.87114,111.83533,112.05488,112.28518,112.33637,112.38388,111.956635,112.186935,112.30815,112.21766,112.11939,111.57845,111.54264,111.50681,111.90595,112.03652,112.08403,112.06356,112.04309,112.02263
301,112.63842,112.61796,112.597496,112.57702,112.41025,111.86746,111.83165,112.05212,112.28335,112.334816,112.382576,111.953865,112.185104,112.30684,112.2161,112.11756,111.574776,111.53896,111.50314,111.90383,112.03496,112.082726,112.06226,112.04179,112.021324
302,112.63712,112.616646,112.59618,112.57572,112.40842,111.86379,111.82798,112.049355,112.281525,112.33326,112.38127,111.9511,112.18328,112.30554,112.21454,112.11573,111.5711,111.53528,111.499466,111.90171,112.03341,112.08142,112.06095,112.04049,112.02001
303,111.63582,111.61534,111.59488,111.57441,111.40659,110.860115,110.8243,111.046585,111.27969,111.331696,111.37997,110.94833,111.18144,111.30424,111.21299,111.11391,110.56743,110.53161,110.4958,110.89959,111.031845,111.08011,111.05965,111.03918,111.01871
304,111.63451,111.614044,111.59357,111.573105,111.40476,110.856445,110.82063,111.043816,111.277855,111.33015,111.37866,110.94557,111.17961,111.302925,111.211426,111.112076,110.56375,110.52793,110.49212,110.89747,111.03029,111.07881,111.058334,111.03787,111.0174
305,110.6332,110.61273,110.59227,110.57179,110.40293,109.85277,109.81695,110.04105,110.27603,110.32859,110.37735,109.94281,110.17779,110.30162,110.20987,110.11024,109.56008,109.524254,109.48845,109.89535,110.02873,110.0775,110.05704,110.03656,110.0161
306,109.63189,109.61143,109.59096,109.57049,109.40111,108.84909,108.81327,109.03829,109.2742,109.32703,109.376045,108.94005,109.17596,109.300316,109.208305,109.10841,108.556404,108.520584,108.48477,108.89323,109.027176,109.076195,109.055725,109.035255,109.01479
307,109.63059,109.610115,109.58965,109.56919,109.39928,108.84542,108.8096,109.03553,109.27237,109.32547,109.37475,108.93729,109.174126,109.29901,109.20676,109.10658,108.55273,108.51691,108.481094,108.89111,109.02561,109.07488,109.05442,109.03395,109.01348
308,108.569756,108.549286,108.52882,108.50835,108.31302,107.66787,107.63205,107.90332,108.18613,108.25246,108.3139,107.80508,108.087875,108.238174,108.133736,108.02033,107.375175,107.339355,107.303535,107.79057,107.95261,108.01405,107.99358,107.973114,107.95265
309,109.563866,109.5434,109.52294,109.502464,109.304855,108.65174,108.61591,108.89111,109.177956,109.24547,109.30802,108.79286,109.07971,109.2323,109.12676,109.01216,108.35905,108.32323,108.287415,108.781136,108.94562,109.00817,108.98771,108.96723,108.94677
310,110.55799,110.53753,110.51706,110.49659,110.296684,109.63562,109.5998,109.8789,110.16979,110.238495,110.30215,109.780655,110.07155,110.22642,110.119774,110.004,109.342926,109.307106,109.271286,109.771706,109.93863,110.0023,109.98183,109.96136,109.940895
311,111.55211,111.53165,111.51118,111.49071,111.28852,110.61949,110.58367,110.866684,111.16162,111.23151,111.296265,110.76844,111.06337,111.22053,111.112785,110.99583,110.3268,110.29098,110.255165,110.76227,110.931656,110.996414,110.975945,110.955475,110.93501
312,111.546234,111.52577,111.505295,111.48483,111.28035,110.60337,110.56755,110.85448,111.15346,111.22453,111.29039,110.75623,111.0552,111.21465,111.10581,110.98766,110.31068,110.27486,110.23904,110.75283,110.92467,110.99054,110.97006,110.9496,110.92914
313,116.64487,116.624405,116.60393,116.583466,116.41929,115.885666,115.849846,116.06579,116.29239,116.34251,116.38902,115.967545,116.194145,116.313286,116.22379,116.1266,115.59298,115.55716,115.52135,115.914314,116.042656,116.08917,116.068695,116.04823,116.02776
314,114.6443,114.62384,114.60336,114.5829,114.41849,113.88407,113.84824,114.064575,114.291595,114.341835,114.38846,113.96633,114.19335,114.31272,114.223114,114.1258,113.59138,113.55556,113.519745,113.9134,114.04198,114.08861,114.06813,114.04767,114.02721
315,112.643745,112.62327,112.602806,112.58233,112.4177,111.88247,111.84665,112.06338,112.290794,112.341156,112.387886,111.96513,112.19255,112.312164,112.222435,112.125015,111.58978,111.553955,111.518135,111.912476,112.041306,112.088036,112.06757,112.0471,112.026634
316,116.53344,116.51297,116.49251,116.47203,116.25836,115.54139,115.50558,115.813446,116.131454,116.20747,116.27759,115.7152,116.03321,116.201866,116.08875,115.965675,115.2487,115.21288,115.17707,115.72521,115.90762,115.97774,115.957275,115.9368,115.916336
317,111.544426,111.523964,111.503494,111.483025,111.27784,110.59839,110.562584,110.850716,111.15095,111.22238,111.28858,110.752464,111.05269,111.212845,111.10366,110.98515,110.3057,110.26988,110.23407,110.74992,110.92253,110.98873,110.96826,110.94779,110.92732
318,112.56857,112.54811,112.52764,112.50717,112.311844,111.66749,111.63167,111.90243,112.18495,112.25127,112.31273,111.804184,112.08671,112.23699,112.132545,112.01916,111.374794,111.338974,111.303154,111.78946,111.951416,112.01288,111.99241,111.97194,111.95147
319,112.59272,112.57225,112.55179,112.53132,112.345856,111.73657,111.70075,111.95415,112.218956,112.28014,112.336876,111.8559,112.12071,112.26114,112.16143,112.05316,111.44388,111.40806,111.372246,111.82898,111.980286,112.03702,112.016556,111.99608,111.97562
320,112.61687,112.5964,112.575935,112.55546,112.37987,111.805664,111.769844,112.00587,112.25297,112.30902,112.361015,111.90762,112.154724,112.28529,112.19031,112.08718,111.51298,111.47715,111.44133,111.86851,112.00917,112.061165,112.0407,112.020226,111.99976
321,112.641014,112.620544,112.60008,112.579605,112.41388,111.87475,111.83893,112.05759,112.28697,112.3379,112.38516,111.959335,112.18873,112.30944,112.21919,112.121185,111.58206,111.546234,111.510414,111.908035,112.03805,112.08531,112.06485,112.04437,112.02391
322,116.37956,116.35909,116.33862,116.31815,116.04223,115.10481,115.06899,115.48588,115.91532,116.02369,116.12371,115.387634,115.81708,116.04798,115.90497,115.749535,114.812126,114.776306,114.74049,115.47432,115.72382,115.82386,115.80339,115.78292,115.76246
323,116.514595,116.494125,116.47366,116.453186,116.23186,115.48773,115.45191,115.77323,116.10496,116.18495,116.25874,115.67498,116.006714,116.183014,116.06623,115.93917,115.19504,115.15922,115.123405,115.694435,115.8851,115.95889,115.93843,115.91795,115.89749
324,116.514595,116.494125,116.47366,116.45319,116.23186,115.48774,115.45192,115.77323,116.104965,116.18495,116.25875,115.67498,116.00672,116.183014,116.06623,115.93917,115.19505,115.159225,115.123405,115.694435,115.8851,115.95889,115.93843,115.91796,115.89749
325,116.495735,116.475266,116.4548,116.43433,116.205345,115.43402,115.3982,115.73297,116.07844,116.162415,116.23989,115.63473,115.980194,116.164154,116.04369,115.91265,115.141335,115.105515,115.06969,115.66363,115.86256,115.94003,115.91957,115.8991,115.87864
326,116.476875,116.456406,116.43594,116.415474,116.17881,115.3803,115.34448,115.69271,116.05192,116.13987,116.22103,115.59447,115.953674,116.1453,116.02116,115.88612,115.087616,115.051796,115.01598,115.63282,115.84001,115.92117,115.90071,115.88023,115.85977
327,116.387794,116.36733,116.346855,116.32639,116.05379,115.128174,115.09235,115.5034,115.926895,116.033516,116.13195,115.40516,115.82865,116.05621,115.91481,115.76111,114.83548,114.79966,114.76384,115.48774,115.733665,115.8321,115.81162,115.79116,115.77069
328,114.388054,114.367584,114.34712,114.326645,114.05414,113.12885,113.093025,113.50392,113.927246,114.03383,114.1322,113.40568,113.829,114.05647,113.91511,113.76145,112.83616,112.80034,112.76453,113.48815,113.73398,113.83235,113.81189,113.79141,113.77095
329,112.388306,112.36784,112.34737,112.326904,112.0545,111.12953,111.09372,111.50445,111.9276,112.03413,112.13246,111.4062,111.82935,112.056725,111.91541,111.7618,110.83684,110.80102,110.765205,111.48855,111.734276,111.83261,111.81213,111.79167,111.77121
330,112.64453,112.62406,112.6036,112.58312,112.41881,111.88471,111.84889,112.06506,112.291916,112.342094,112.38868,111.96682,112.193665,112.31295,112.22339,112.12612,111.59202,111.5562,111.52038,111.91376,112.042244,112.08883,112.06837,112.04789,112.02743
331,112.64366,112.62319,112.60273,112.58226,112.417595,111.882256,111.84644,112.06322,112.290695,112.341064,112.38782,111.96497,112.19245,112.31209,112.22235,112.12491,111.58956,111.55374,111.51793,111.91235,112.041214,112.08796,112.0675,112.04703,112.02656
332,112.38225,112.361786,112.34132,112.320854,112.04598,111.11229,111.07647,111.49152,111.91908,112.026886,112.1264,111.39328,111.82083,112.050674,111.90818,111.753296,110.8196,110.78378,110.74797,111.47866,111.727036,111.82655,111.80608,111.78562,111.765144
333,112.38836,112.36789,112.34743,112.326965,112.05457,111.12967,111.09385,111.50455,111.927666,112.03419,112.132515,111.4063,111.82942,112.056786,111.915474,111.76188,110.836975,110.801155,110.76534,111.48863,111.73434,111.83266,111.812195,111.79172,111.771255
334,111.428314,111.407845,111.387375,111.36691,111.11053,110.24205,110.20623,110.58907,110.98363,111.08183,111.17247,110.49083,110.885376,111.09673,110.96313,110.81784,109.94936,109.91354,109.87772,110.55351,110.78198,110.87261,110.85214,110.83168,110.81121
335,111.46826,111.4478,111.42733,111.40686,111.16649,110.35442,110.31861,110.67359,111.03958,111.12948,111.21242,110.57534,110.94134,111.13669,111.010765,110.8738,110.06174,110.02592,109.990105,110.61839,110.82963,110.91257,110.8921,110.87163,110.85116
336,112.643456,112.62298,112.602516,112.582054,112.4173,111.88166,111.84584,112.062775,112.2904,112.34081,112.38761,111.96453,112.192154,112.311874,112.22211,112.12461,111.58897,111.55315,111.517334,111.91201,112.04096,112.08776,112.06728,112.04682,112.026344
337,116.4528,116.432335,116.41186,116.391396,116.14497,115.31188,115.27606,115.64139,116.01808,116.11111,116.19695,115.54314,115.91983,116.121216,115.992386,115.85229,115.01919,114.98337,114.94755,115.59353,115.81126,115.8971,115.876625,115.85616,115.83569
338,116.46098,116.44052,116.420044,116.39958,116.15646,115.33502,115.2992,115.65877,116.02956,116.12087,116.20514,115.560524,115.93131,116.1294,116.00217,115.86377,115.042336,115.006516,114.9707,115.60686,115.82102,115.90529,115.88481,115.86435,115.84387
339,116.46087,116.4404,116.41993,116.39946,116.15628,115.33465,115.29883,115.6585,116.02939,116.120735,116.20502,115.56026,115.931145,116.12929,116.002014,115.8636,115.04196,115.00614,114.97032,115.60665,115.820885,115.90517,115.8847,115.86423,115.843765
340,117.46075,117.440285,117.419815,117.399345,117.15612,116.33427,116.298454,116.65823,117.02922,117.12059,117.2049,116.55998,116.93098,117.129166,117.00188,116.86343,116.04158,116.00576,115.96995,116.606445,116.82073,116.90505,116.88458,116.86411,116.84364
341,115.46064,115.44016,115.4197,115.39923,115.15595,114.3339,114.29807,114.65795,115.029045,115.120445,115.20478,114.55971,114.9308,115.12906,115.00173,114.86326,114.04121,114.00539,113.969574,114.606255,114.820595,114.90493,114.88447,114.864,114.84353
342,114.46052,114.440056,114.41958,114.39912,114.15577,113.33353,113.29771,113.657684,114.02888,114.12031,114.20467,113.55943,113.93063,114.12894,114.00159,113.86309,113.04083,113.00501,112.96919,113.60605,113.82045,113.90482,113.884346,113.863884,113.84341
343,111.49299,111.47253,111.45205,111.43159,111.20119,110.424385,110.388565,110.72611,111.07428,111.159,111.237144,110.62787,110.976036,111.16141,111.04028,110.90849,110.1317,110.09587,110.06007,110.658646,110.85914,110.937294,110.91682,110.896355,110.875885
344,111.491745,111.471275,111.450806,111.43034,111.199425,110.42082,110.38501,110.72346,111.07253,111.15751,111.2359,110.625206,110.97429,111.160164,111.038795,110.90674,110.128136,110.09231,110.0565,110.65661,110.85765,110.93604,110.91557,110.89511,110.87465
345,112.49051,112.47003,112.44957,112.42909,112.19768,111.41726,111.38145,111.72079,112.07077,112.15602,112.23465,111.62254,111.97253,112.15893,112.03731,111.90499,111.12457,111.08876,111.05294,111.65457,111.85617,111.9348,111.91434,111.89386,111.8734
346,113.48926,113.468796,113.44832,113.42786,113.19593,112.413704,112.377884,112.718124,113.06902,113.15453,113.23341,112.61988,112.97078,113.15768,113.03582,112.90324,112.12102,112.0852,112.04938,112.652534,112.85468,112.93356,112.913086,112.892624,112.872154
347,113.48802,113.46755,113.44708,113.42661,113.19417,112.41014,112.37432,112.715454,113.067276,113.153046,113.23217,112.61721,112.96903,113.15644,113.03433,112.90149,112.117455,112.081635,112.045815,112.65051,112.853195,112.93232,112.91185,112.89138,112.87092
348,111.48696,111.4665,111.44602,111.42556,111.19269,110.40712,110.3713,110.713196,111.06579,111.15178,111.23112,110.61495,110.967545,111.15538,111.03307,110.9,110.11443,110.07861,110.0428,110.64878,110.85193,110.93127,110.91079,110.89033,110.86986
349,111.64012,111.61966,111.59919,111.57872,111.412704,110.87271,110.8369,111.05596,111.28581,111.336876,111.38428,110.95771,111.18755,111.30855,111.21816,111.12002,110.580025,110.5442,110.50839,110.906715,111.037025,111.08443,111.06396,111.04349,111.02302
350,112.64045,112.61999,112.59951,112.57905,112.41316,111.873634,111.83782,112.056656,112.28627,112.337265,112.384605,111.958405,112.18802,112.30887,112.21855,112.120476,111.58094,111.54513,111.50931,111.90725,112.037415,112.084755,112.06428,112.043816,112.02335
351,113.640785,113.62031,113.599846,113.57938,113.41363,112.874565,112.83874,113.05735,113.28672,113.33766,113.38493,112.9591,113.18848,113.309204,113.21894,113.12093,112.58187,112.54605,112.51023,112.90779,113.03781,113.085075,113.06461,113.04414,113.02368
352,113.64111,113.620636,113.600174,113.5797,113.414085,112.87548,112.83966,113.05804,113.28718,113.33805,113.385254,112.95979,113.188934,113.30953,113.21933,113.12139,112.582794,112.546974,112.511154,112.90832,113.0382,113.0854,113.06494,113.044464,113.024
353,113.46043,113.43995,113.41949,113.39901,113.15563,112.333206,112.297386,112.65745,113.02873,113.120186,113.20457,112.559204,112.93048,113.128845,113.00147,112.862946,112.04052,112.0047,111.96888,112.60588,112.820335,112.90472,112.884254,112.86378,112.843315
354,113.45042,113.42994,113.40948,113.38901,113.14159,112.3049,112.26908,112.63619,113.014694,113.10824,113.19456,112.53795,112.91645,113.118835,112.989525,112.8489,112.012215,111.976395,111.940575,112.589584,112.80839,112.89471,112.874245,112.853775,112.833305
355,113.46043,113.43995,113.41949,113.39901,113.15563,112.333206,112.297386,112.657455,113.02874,113.120186,113.20457,112.55921,112.93048,113.128845,113.00147,112.862946,112.04052,112.0047,111.96889,112.60588,112.820335,112.90472,112.884254,112.86378,112.843315
356,111.47948,111.45901,111.43854,111.418076,111.18228,110.38654,110.35072,110.697624,111.05538,111.14289,111.223625,110.59938,110.95713,111.147896,111.02418,110.889595,110.09386,110.05804,110.02222,110.63675,110.84304,110.923775,110.903305,110.88284,110.862366
357,111.53627,111.51581,111.49533,111.47487,111.26637,110.57517,110.53936,110.833305,111.13947,111.21263,111.280426,110.73506,111.04123,111.20469,111.09392,110.97368,110.282486,110.246666,110.21085,110.73661,110.91278,110.980576,110.9601,110.93964,110.919174
358,108.82156,108.8011,108.78064,108.76016,105.84771,95.60198,95.56617,100.581535,105.72081,107.19859,108.56572,100.48329,105.62257,108.48999,107.07987,105.555016,95.30929,95.27347,95.237656,103.80935,106.89874,108.26587,108.24541,108.22493,108.20447
359,111.63981,111.61933,111.59887,111.5784,111.41226,110.87181,110.83599,111.055275,111.285355,111.336494,111.38396,110.95703,111.18711,111.30823,111.21778,111.11957,110.57912,110.5433,110.507484,110.9062,111.036644,111.0841,111.06364,111.04317,111.022705
TANKS,4.0,3.979536,3.9590628,3.938599,3.9181259,3.8935692,3.8577483,3.821927,3.7912314,3.7666655,3.7441552,3.723682,3.6929862,3.66842,3.6479564,3.6254368,3.6008801,3.565059,3.529238,3.4934263,3.4668138,3.4443038,3.4238305,3.4033666,3.3828933
