,892,892dn,893,893dn,894,894dn,895,895dn,896,896dn,897,897dn,898,898dn,899,899dn,900,900dn,0,1,2,3,4,5,6,7,8,9,10,11,12,13,14,15,16,17,18,19,20,21,22,23,24,25,26,27,28,29,30,31,32,33,34,35,36,37,38,39,40,41,42,43,44,45,46,47,48,49,50,51,52,53,54,55,56,57,58,59,60,61,62,63,64,65,66,67,68,69,70,71,72,73,74,75,76,77,78,79,80,81,82,83,84,85,86,87,88,89,90,91,92,93,94,95,96,97,98,99,100,101,102,103,104,105,106,107,108,109,110,111,112,113,114,115,116,117,118,119,120,121,122,123,124,125,126,127,128,129,130,131,132,133,134,135,136,137,138,139,140,141,142,143,144,145,146,147,148,149,150,151,152,153,154,155,156,157,158,159,160,161,162,163,164,165,166,167,168,169,170,171,172,173,174,175,176,177,178,179,180,181,182,183,184,185,186,187,188,189,190,191,192,193,194,195,196,197,198,199,200,201,202,203,204,205,206,207,208,209,210,211,212,213,214,215,216,217,218,219,220,221,222,223,224,225,226,227,228,229,230,231,232,233,235,237,238,239,240,241,242,243,244,245,246,247,248,249,250,251,252,253,254,255,256,258,259,260,261,262,263,264,265,266,267,268,269,270,271,273,274,275,276,277,278,279,280,281,282,283,284,285,286,287,288,289,290,291,292,294,295,297,298,299,300,301,302,303,304,305,306,307,308,309,310,311,312,313,314,315,316,317,318,319,320,321,322,323,324,325,326,327,328,329,330,331,332,333,334,335,336,337,338,339,340,341,342,343,344,345,346,347,348,349,350,351,352,353,354,355,356,357,358,359,TANKS
0,117.80339,117.77107,106.77378,106.76649,108.62994,108.57004,108.6945,108.64266,113.755035,113.75363,111.487724,111.64063,111.49371,111.63902,116.64427,116.53403,119.64946,119.53364,112.9054,113.753624,0.99840003,15.996791,15.995191,15.993582,15.9919815,16.990372,20.988773,22.987164,18.985554,14.983954,10.982346,7.9807453,4.979136,7.977536,14.975927,18.974327,19.972717,16.971119,13.969509,11.967909,14.9663,21.9647,28.96309,35.96149,42.95988,49.958282,51.956673,57.955074,63.953465,66.951866,67.95026,65.948654,60.947044,55.945446,53.943836,56.942238,59.940628,64.939026,70.937416,76.93582,80.93421,86.93261,90.931,94.9294,94.92779,95.92619,95.92458,97.92298,98.92137,103.91977,109.91816,108.916565,106.914955,105.91335,104.91174,104.91015,107.90854,115.90694,111.76832,106.76645,110.76676,112.767075,112.76738,113.767685,113.768,114.7683,114.76832,115.76863,115.768936,117.76924,117.76955,117.76986,117.770164,117.77047,117.770775,110.63451,110.64509,109.65567,106.66625,104.67684,101.687416,99.698,96.70859,94.71916,93.729744,93.740326,95.75091,99.76149,105.77207,106.77382,110.785095,113.79636,113.80763,113.8189,113.83018,114.841446,115.852715,116.86399,117.87527,117.88653,117.897804,108.69506,108.69829,109.70151,109.70473,110.70795,109.711174,109.714386,110.717606,110.720825,110.72405,110.72727,109.73049,107.73371,104.73694,102.74016,99.74337,97.74659,94.74981,93.75304,93.756256,95.759476,99.762695,105.76592,126.90533,126.90534,117.888824,117.8723,117.855774,117.83926,117.82274,117.80621,126.9054,117.9054,117.9054,117.9054,117.9054,117.9054,116.9054,115.9054,114.9054,114.9054,113.9054,113.9054,113.9054,112.9054,112.9054,112.9054,113.9054,115.9054,117.9054,119.9054,118.9054,116.9054,114.9054,111.9054,110.9054,109.9054,109.9054,108.9054,106.9054,104.9054,104.9054,104.9054,104.9054,107.9054,109.9054,110.9054,111.9054,117.7709,116.766174,114.76144,114.756714,117.803566,116.78876,114.77395,114.75914,113.743324,113.728165,113.71301,113.69785,112.6827,112.667534,113.75505,110.75505,113.75231,113.74958,113.74684,113.74411,112.74139,112.73865,111.735916,120.73318,115.730446,117.72771,118.72498,116.72225,113.71951,114.71678,112.71404,112.71132,112.70859,111.70585,110.70312,110.70038,109.697655,110.6244,110.63533,110.63617,109.637,109.637825,110.638664,109.63949,109.64032,108.64114,108.64198,110.62284,108.630226,108.629555,109.6289,109.62823,110.62756,109.6269,109.626236,110.625565,110.62491,107.7239,109.354324,108.94551,109.5367,110.127884,110.60564,110.58842,109.571205,102.5358,109.56164,110.5632,110.56475,109.56631,109.567856,108.56942,112.66456,112.66243,117.6603,116.65817,117.65603,118.6539,117.65177,115.64964,114.64751,112.64537,112.65849,113.65581,115.65311,119.65042,111.64139,111.64261,110.643814,109.645035,109.646255,110.64746,113.64868,115.6499,117.65111,119.65233,118.653534,116.654755,115.655975,113.65718,112.6584,108.69506,108.64206,109.642426,110.642784,110.643135,111.6435,112.64386,112.644226,119.64861,120.64719,118.64575,119.65005,119.53306,119.533165,120.533264,118.53338,119.50803,119.483,119.45797,118.43294,117.40791,112.64104,112.63973,112.63842,112.63712,111.63582,111.63451,110.6332,109.63189,109.63059,108.569756,109.563866,110.55799,111.55211,111.546234,116.64487,114.6443,112.643745,116.53344,111.544426,112.56857,112.59272,112.61687,112.641014,116.37956,116.514595,116.514595,116.495735,116.476875,116.387794,114.388054,112.388306,112.64453,112.64366,112.38225,112.38836,111.428314,111.46826,112.643456,116.4528,116.46098,116.46087,117.46075,115.46064,114.46052,111.49299,111.491745,112.49051,113.48926,113.48802,111.48696,111.64012,112.64045,113.640785,113.64111,113.46043,113.45042,113.46043,111.47948,111.53627,108.82156,111.63981,4.0
3600,117.78291,117.75061,106.75332,106.746025,108.609474,108.54956,108.67404,108.62219,113.734566,113.73316,111.467255,111.62016,111.47324,111.61856,116.62381,116.513565,119.629,119.51317,112.884926,113.73316,0.97792685,15.976327,15.974718,15.973118,15.971509,16.96991,20.9683,22.9667,18.96509,14.9634905,10.961882,7.9602814,4.958672,7.9570723,14.955463,18.953863,19.952253,16.950655,13.949045,11.947445,14.945836,21.944237,28.942627,35.94103,42.93942,49.937817,51.936207,57.93461,63.933,66.9314,67.92979,65.92819,60.926582,55.92498,53.92337,56.921772,59.920162,64.918564,70.916954,76.91535,80.91374,86.91215,90.91054,94.908936,94.907326,95.90572,95.90411,97.90251,98.90091,103.8993,109.8977,108.89609,106.89449,105.89288,104.89128,104.88967,107.88807,115.88646,111.74785,106.74599,110.74629,112.746605,112.74691,113.747215,113.74752,114.747826,114.74785,115.74815,115.74846,117.74877,117.74908,117.74939,117.7497,117.75001,117.75031,110.614044,110.62462,109.6352,106.64579,104.656364,101.666954,99.67753,96.68811,94.6987,93.709274,93.71986,95.730446,99.74102,105.7516,106.75334,110.76462,113.775894,113.78716,113.79843,113.80971,114.82098,115.83225,116.84351,117.85479,117.866066,117.877335,108.6746,108.67782,109.68103,109.68426,110.68748,109.6907,109.69392,110.697136,110.70036,110.70358,110.7068,109.710014,107.71324,104.71646,102.71968,99.7229,97.72613,94.72935,93.73257,93.73579,95.73901,99.74223,105.745445,126.884865,126.88487,117.868355,117.85183,117.83531,117.818794,117.80227,117.78575,126.884926,117.884926,117.884926,117.884926,117.884926,117.884926,116.884926,115.884926,114.884926,114.884926,113.884926,113.884926,113.884926,112.884926,112.884926,112.884926,113.884926,115.884926,117.884926,119.884926,118.884926,116.884926,114.884926,111.884926,110.884926,109.884926,109.884926,108.884926,106.884926,104.884926,104.884926,104.884926,104.884926,107.884926,109.884926,110.884926,111.884926,117.750435,116.7457,114.740974,114.73624,117.78309,116.76829,114.75349,114.73868,113.722855,113.7077,113.69254,113.67738,112.662224,112.64707,113.73457,110.73457,113.73184,113.7291,113.72638,113.72365,112.72091,112.71818,111.71544,120.712715,115.709984,117.707245,118.70451,116.701775,113.69904,114.69632,112.69358,112.69085,112.68811,111.68538,110.682655,110.67992,109.677185,110.60393,110.61487,110.6157,109.61652,109.61736,110.61819,109.61902,109.61986,108.62068,108.62151,110.60238,108.60976,108.60909,109.60842,109.607765,110.60709,109.60643,109.60577,110.6051,110.60443,107.70344,109.333855,108.92504,109.51622,110.10741,110.58516,110.567955,109.550735,102.51532,109.541176,110.542725,110.54428,109.545845,109.54739,108.54895,112.6441,112.64197,117.639824,116.637695,117.63557,118.63344,117.63131,115.629166,114.62704,112.62491,112.63802,113.63533,115.632645,119.62996,111.620926,111.62213,110.62335,109.62457,109.62578,110.627,113.62821,115.629425,117.630646,119.63185,118.63307,116.63429,115.6355,113.63672,112.63793,108.6746,108.6216,109.62195,110.622314,110.62267,111.62304,112.62339,112.62376,119.62814,120.62671,118.62528,119.62958,119.51259,119.51269,120.5128,118.5129,119.48756,119.462524,119.43751,118.412476,117.38744,112.620575,112.61926,112.61796,112.616646,111.61534,111.614044,110.61273,109.61143,109.610115,108.549286,109.5434,110.53753,111.53165,111.52577,116.624405,114.62384,112.62327,116.51297,111.523964,112.54811,112.57225,112.5964,112.620544,116.35909,116.494125,116.494125,116.475266,116.456406,116.36733,114.367584,112.36784,112.62406,112.62319,112.361786,112.36789,111.407845,111.4478,112.62298,116.432335,116.44052,116.4404,117.440285,115.44016,114.440056,111.47253,111.471275,112.47003,113.468796,113.46755,111.4665,111.61966,112.61999,113.62031,113.620636,113.43995,113.42994,113.43995,111.45901,111.51581,108.8011,111.61933,3.979536
7200,117.76245,117.73014,106.73284,106.72555,108.58901,108.5291,108.653564,108.60173,113.7141,113.7127,111.446785,111.5997,111.452774,111.59809,116.60333,116.49309,119.60853,119.4927,112.86446,113.712685,0.957463,15.955853,15.954254,15.952644,15.951045,16.949436,20.947836,22.946226,18.944626,14.943017,10.941418,7.9398084,4.9382086,7.9365993,14.934999,18.93339,19.93179,16.930182,13.928581,11.926971,14.925372,21.923763,28.922163,35.920555,42.918953,49.917343,51.915745,57.914135,63.912537,66.91093,67.909325,65.907715,60.906116,55.904507,53.90291,56.9013,59.8997,64.89809,70.89649,76.89488,80.89328,86.89167,90.89007,94.888466,94.88686,95.885254,95.88365,97.88204,98.88045,103.87884,109.877235,108.875626,106.87402,105.87241,104.87082,104.86921,107.86761,115.866,111.72739,106.725525,110.72583,112.726135,112.72645,113.72675,113.72706,114.72736,114.72739,115.72769,115.728,117.7283,117.728615,117.72892,117.729225,117.72953,117.72984,110.59357,110.60416,109.61473,106.62531,104.6359,101.64648,99.65707,96.66765,94.67822,93.68881,93.699394,95.70997,99.72056,105.73113,106.73288,110.744156,113.75543,113.76669,113.77797,113.78924,114.80051,115.811775,116.82305,117.83433,117.84559,117.856865,108.65412,108.65735,109.66057,109.66379,110.66701,109.670235,109.673454,110.676674,110.679886,110.68312,110.68633,109.68955,107.69277,104.696,102.69922,99.70244,97.70566,94.708885,93.712105,93.71532,95.71854,99.72176,105.72498,126.86439,126.86441,117.847885,117.83137,117.81485,117.79832,117.7818,117.76528,126.86446,117.86446,117.86446,117.86446,117.86446,117.86446,116.86446,115.86446,114.86446,114.86446,113.86446,113.86446,113.86446,112.86446,112.86446,112.86446,113.86446,115.86446,117.86446,119.86446,118.86446,116.86446,114.86446,111.86446,110.86446,109.86446,109.86446,108.86446,106.86446,104.86446,104.86446,104.86446,104.86446,107.86446,109.86446,110.86446,111.86446,117.72996,116.725235,114.7205,114.715775,117.76263,116.74782,114.73301,114.7182,113.70239,113.687225,113.67207,113.65691,112.64176,112.6266,113.71411,110.71411,113.71137,113.70864,113.70591,113.70317,112.70045,112.69771,111.69498,120.692245,115.68951,117.68678,118.684044,116.68131,113.67858,114.67584,112.67311,112.67038,112.66765,111.66492,110.66218,110.65945,109.656715,110.583466,110.5944,110.59524,109.59606,109.59689,110.597725,109.59856,109.59938,108.60021,108.60105,110.5819,108.58929,108.58862,109.58796,109.58729,110.58663,109.58596,109.5853,110.58464,110.58397,107.68296,109.313385,108.90457,109.49576,110.086945,110.5647,110.54748,109.53027,102.49486,109.5207,110.52226,110.52381,109.52537,109.52693,108.52849,112.62363,112.62149,117.61936,116.61723,117.615105,118.61296,117.61083,115.6087,114.606575,112.60445,112.61756,113.61487,115.61218,119.6095,111.60045,111.60167,110.60289,109.604095,109.605316,110.60653,113.60774,115.60896,117.610176,119.61139,118.61261,116.613815,115.615036,113.61625,112.61746,108.65412,108.60112,109.60149,110.601845,110.60221,111.60256,112.60293,112.60329,119.60768,120.60625,118.60481,119.609116,119.49213,119.492226,120.492325,118.49244,119.467094,119.44206,119.41703,118.392,117.36698,112.6001,112.59879,112.597496,112.59618,111.59488,111.59357,110.59227,109.59096,109.58965,108.52882,109.52294,110.51706,111.51118,111.505295,116.60393,114.60336,112.602806,116.49251,111.503494,112.52764,112.55179,112.575935,112.60008,116.33862,116.47366,116.47366,116.4548,116.43594,116.346855,114.34712,112.34737,112.6036,112.60273,112.34132,112.34743,111.387375,111.42733,112.602516,116.41186,116.420044,116.41993,117.419815,115.4197,114.41958,111.45205,111.450806,112.44957,113.44832,113.44708,111.44602,111.59919,112.59951,113.599846,113.600174,113.41949,113.40948,113.41949,111.43854,111.49533,108.78064,111.59887,3.9590628
10800,117.74198,117.70967,106.71238,106.705086,108.568535,108.50863,108.6331,108.58126,113.69363,113.69223,111.426315,111.57922,111.432304,111.57763,116.58287,116.472626,119.588066,119.47223,112.843994,113.69222,0.93698984,15.9353895,15.933781,15.93218,15.930572,16.928972,20.927362,22.925762,18.924154,14.922553,10.920944,7.9193444,4.917735,7.9161353,14.914526,18.912926,19.911318,16.909718,13.908108,11.906508,14.904899,21.9033,28.90169,35.90009,42.89848,49.89688,51.89527,57.893673,63.892063,66.890465,67.888855,65.88725,60.885643,55.884045,53.882435,56.880836,59.879227,64.877625,70.876015,76.87442,80.87281,86.87121,90.8696,94.868,94.86639,95.86479,95.86318,97.86158,98.85997,103.85837,109.856766,108.85516,106.85355,105.85195,104.85034,104.84875,107.84714,115.845535,111.70691,106.70505,110.70536,112.705666,112.70597,113.706276,113.70659,114.706894,114.70691,115.707214,115.707535,117.70784,117.708145,117.70846,117.70876,117.70907,117.70937,110.573105,110.58368,109.59427,106.60485,104.615425,101.626015,99.6366,96.64718,94.65776,93.66834,93.678925,95.68951,99.70008,105.71067,106.71242,110.72368,113.734955,113.74623,113.7575,113.76877,114.780045,115.79131,116.80258,117.81385,117.82513,117.8364,108.63366,108.63688,109.64011,109.643326,110.646545,109.64976,109.65298,110.656204,110.659424,110.66264,110.66586,109.66909,107.67231,104.67553,102.67874,99.68198,97.68519,94.68841,93.69163,93.694855,95.698074,99.701294,105.70451,126.843925,126.84393,117.827415,117.8109,117.79437,117.777855,117.76134,117.74481,126.843994,117.843994,117.843994,117.843994,117.843994,117.843994,116.843994,115.843994,114.843994,114.843994,113.843994,113.843994,113.843994,112.843994,112.843994,112.843994,113.843994,115.843994,117.843994,119.843994,118.843994,116.843994,114.843994,111.843994,110.843994,109.843994,109.843994,108.843994,106.843994,104.843994,104.843994,104.843994,104.843994,107.843994,109.843994,110.843994,111.843994,117.709496,116.704765,114.700035,114.695305,117.742165,116.727356,114.71255,114.69774,113.681915,113.66676,113.6516,113.63645,112.621284,112.60613,113.693634,110.693634,113.6909,113.68818,113.68544,113.68271,112.67997,112.67724,111.674515,120.671776,115.669044,117.666306,118.663574,116.66085,113.65811,114.65538,112.65264,112.64991,112.64718,111.64445,110.641716,110.63898,109.636246,110.562996,110.57394,110.57476,109.5756,109.57642,110.577255,109.57808,109.57892,108.57975,108.580574,110.56144,108.56882,108.56815,109.56749,109.566826,110.566154,109.5655,109.564835,110.56416,110.56351,107.6625,109.29292,108.88411,109.475296,110.066475,110.54422,110.527016,109.509796,102.47439,109.50024,110.501785,110.50335,109.504906,109.506454,108.50801,112.60316,112.60103,117.5989,116.596756,117.59463,118.5925,117.59037,115.58824,114.5861,112.58397,112.597084,113.5944,115.591705,119.58902,111.57999,111.58121,110.58241,109.58363,109.58485,110.58606,113.58728,115.58849,117.58971,119.59093,118.59214,116.59335,115.59457,113.59578,112.597,108.63366,108.58066,109.581024,110.581375,110.58173,111.5821,112.582466,112.58282,119.587204,120.58578,118.58434,119.58864,119.47165,119.47176,120.47186,118.47197,119.44662,119.4216,119.39657,118.37154,117.346504,112.579636,112.57833,112.57702,112.57572,111.57441,111.573105,110.57179,109.57049,109.56919,108.50835,109.502464,110.49659,111.49071,111.48483,116.583466,114.5829,112.58233,116.47203,111.483025,112.50717,112.53132,112.55546,112.579605,116.31815,116.453186,116.45319,116.43433,116.415474,116.32639,114.326645,112.326904,112.58312,112.58226,112.320854,112.326965,111.36691,111.40686,112.582054,116.391396,116.39958,116.39946,117.399345,115.39923,114.39912,111.43159,111.43034,112.42909,113.42786,113.42661,111.42556,111.57872,112.57905,113.57938,113.5797,113.39901,113.38901,113.39901,111.418076,111.47487,108.76016,111.5784,3.938599
14400,117.64197,117.59622,106.60036,106.58992,108.39836,108.313416,108.490005,108.416176,113.57403,113.57206,111.19377,111.41339,111.20221,111.411156,116.418434,116.25921,119.42573,119.25865,112.78516,113.57205,0.91587484,15.913614,15.911364,15.909103,15.906852,16.904602,20.90234,22.90009,18.89783,14.895578,10.893318,7.891067,4.888807,7.8865557,14.884295,18.882044,19.879784,16.877533,13.875282,11.873022,14.87077,21.868511,28.866259,35.864,42.861748,49.85949,51.857235,57.854977,63.852726,66.850464,67.84821,65.845955,60.843704,55.84145,53.83919,56.83694,59.83468,64.83243,70.83017,76.82792,80.82566,86.8234,90.821144,94.81889,94.816635,95.814384,95.81213,97.809875,98.80762,103.80536,109.80311,108.80085,106.7986,105.79634,104.79409,104.791824,107.78957,115.787315,111.59242,106.58987,110.590294,112.59071,112.59114,113.59156,113.59198,114.59241,114.59242,115.59285,115.59327,117.59369,117.59412,117.594536,117.594955,117.59538,117.5958,110.404755,110.41962,109.43448,106.44933,104.4642,101.47906,99.49392,96.50877,94.523636,93.538506,93.55336,95.56822,99.58308,105.59794,106.6004,110.61623,113.63206,113.64788,113.663704,113.679535,114.69536,115.71118,116.72701,117.742836,117.75866,117.774475,108.49078,108.49526,109.499725,109.504196,110.50866,109.51314,109.51761,110.52207,110.52655,110.53101,110.53549,109.539955,107.544426,104.54889,102.55337,99.55783,97.56231,94.56677,93.57124,93.57572,95.580185,99.584656,105.58912,126.785065,126.78507,117.761894,117.7387,117.71552,117.692345,117.66915,117.64597,126.78516,117.78516,117.78516,117.78516,117.78516,117.78516,116.78516,115.78516,114.78516,114.78516,113.78516,113.78516,113.78516,112.78516,112.78516,112.78516,113.78516,115.78516,117.78516,119.78516,118.78516,116.78516,114.78516,111.78516,110.78516,109.78516,109.78516,108.78516,106.78516,104.78516,104.78516,104.78516,104.78516,107.78516,109.78516,110.78516,111.78516,117.59597,116.589424,114.58288,114.57634,117.64222,116.62142,114.60062,114.57982,113.55758,113.5363,113.51501,113.49372,112.47244,112.45116,113.574036,110.574036,113.57025,113.56645,113.56266,113.55886,112.55507,112.551285,111.547485,120.54369,115.539894,117.5361,118.53232,116.52852,113.52473,114.520935,112.517136,112.51334,112.50955,111.50576,110.50197,110.49817,109.49438,110.39056,110.405914,110.40708,109.40825,109.40942,110.410576,109.411736,109.4129,108.41406,108.41523,110.38833,108.398766,108.39782,109.39688,109.39595,110.39501,109.39407,109.39314,110.392204,110.39127,104.307655,106.59596,106.82777,108.05958,109.29139,110.36403,110.33974,109.31543,102.26567,109.30192,110.304054,110.30618,109.308304,109.31043,108.31256,112.44695,112.44396,117.44096,116.437965,117.434975,118.43198,117.428986,115.42599,114.423,112.42,112.43843,113.434654,115.43087,119.42709,111.41448,111.41618,110.417885,109.419586,109.42129,110.42298,113.42468,115.42639,117.42809,119.429794,118.431496,116.4332,115.4349,113.4366,112.4383,108.49078,108.41534,109.41584,110.41635,110.416855,111.417366,112.41788,112.41838,119.424545,120.42254,118.42052,119.42656,119.25782,119.25797,120.25812,118.25827,119.22267,119.18751,119.15236,118.117195,117.08205,112.4139,112.41208,112.41025,112.40842,111.40659,111.40476,110.40293,109.40111,109.39928,108.31302,109.304855,110.296684,111.28852,111.28035,116.41929,114.41849,112.4177,116.25836,111.27784,112.311844,112.345856,112.37987,112.41388,116.04223,116.23186,116.23186,116.205345,116.17881,116.05379,114.05414,112.0545,112.41881,112.417595,112.04598,112.05457,111.11053,111.16649,112.4173,116.14497,116.15646,116.15628,117.15612,115.15595,114.15577,111.20119,111.199425,112.19768,113.19593,113.19417,111.19269,111.412704,112.41316,113.41363,113.414085,113.15563,113.14159,113.15563,111.18228,111.26637,105.84771,111.41226,3.9181259
18000,117.33565,117.24169,106.25148,106.229576,107.843575,107.66867,108.03274,107.87935,113.19829,113.194336,110.40937,110.87403,110.42654,110.8695,115.88388,115.543175,118.898636,118.54205,112.62453,113.19432,0.8890021,15.884444,15.879877,15.8753195,15.870752,16.866184,20.861628,22.85706,18.852503,14.847935,10.843377,7.83881,4.834243,7.8296847,14.825118,18.82056,19.815992,16.811434,13.806868,11.8023,14.797743,21.793175,28.788618,35.78405,42.779484,49.774925,51.77036,57.7658,63.761234,66.756676,67.752106,65.74754,60.742985,55.738415,53.733856,56.72929,59.72473,64.72017,70.7156,76.711044,80.706474,86.70192,90.69735,94.69279,94.688225,95.683655,95.6791,97.67453,98.669975,103.665405,109.66085,108.65628,106.65171,105.647156,104.642586,104.63803,107.63346,115.62891,111.23438,106.22947,110.23028,112.23109,112.23191,113.23272,113.23353,114.23434,114.23438,115.23519,115.23601,117.23682,117.237625,117.238434,117.23925,117.24006,117.24087,109.856415,109.88642,108.916435,105.94645,103.976456,101.00646,99.03647,96.066475,94.09648,93.12649,93.156494,95.18651,99.216515,105.24652,106.25158,110.28352,113.31547,113.347404,113.37935,113.41129,114.44324,115.475174,116.50712,117.53906,117.571,117.60294,108.0343,108.043106,109.05191,109.060715,110.06952,109.07832,109.08713,110.09593,110.10474,110.11354,110.122345,109.13115,107.13995,104.14876,102.157555,99.16637,97.17516,94.183975,93.19277,93.201584,95.21038,99.21919,105.22799,126.62432,126.62436,117.57761,117.53085,117.48411,117.437355,117.390594,117.34384,126.62453,117.62453,117.62453,117.62453,117.62453,117.62453,116.62453,115.62453,114.62453,114.62453,113.62453,113.62453,113.62453,112.62453,112.62453,112.62453,113.62453,115.62453,117.62453,119.62453,118.62453,116.62453,114.62453,111.62453,110.62453,109.62453,109.62453,108.62453,106.62453,104.62453,104.62453,104.62453,104.62453,107.62453,109.62453,110.62453,111.62453,117.24118,116.2284,114.215614,114.20283,117.33616,116.294136,114.25212,114.2101,113.16505,113.12208,113.07911,113.03613,111.99316,111.950195,113.19831,110.19831,113.19084,113.18337,113.175896,113.16843,112.16094,112.15347,111.146,120.13853,115.13106,117.12358,118.11611,116.10864,113.10116,114.09369,112.08621,112.07874,112.07127,111.0638,110.05633,110.04885,109.04138,109.82772,109.85875,109.86109,108.86343,108.86576,109.868095,108.87043,108.872765,107.8751,107.87743,109.82304,107.844376,107.84248,108.840576,108.83868,109.83678,108.83487,108.83298,109.83108,109.82917,92.49803,97.11341,99.608635,103.10385,106.599075,109.773445,109.72385,108.67425,101.57367,108.64664,109.65071,109.65478,108.65885,108.66292,107.66699,111.9416,111.93555,116.92949,115.92343,116.91739,117.91133,116.90527,114.89923,113.89317,111.887115,111.9244,112.916756,114.90912,118.90148,110.87628,110.8797,109.88312,108.886536,108.889946,109.89337,112.89678,114.90021,116.90362,118.90704,117.91045,115.91388,114.9173,112.920715,111.92413,108.0343,107.87767,108.87869,109.87972,109.880745,110.88178,111.882805,111.883835,118.8963,119.892235,117.88817,118.900375,118.54031,118.54061,119.54092,117.541214,118.4693,118.398285,118.32727,117.25626,116.18526,111.874825,111.87114,111.86746,111.86379,110.860115,110.856445,109.85277,108.84909,108.84542,107.66787,108.65174,109.63562,110.61949,110.60337,115.885666,113.88407,111.88247,115.54139,110.59839,111.66749,111.73657,111.805664,111.87475,115.10481,115.48773,115.48774,115.43402,115.3803,115.128174,113.12885,111.12953,111.88471,111.882256,111.11229,111.12967,110.24205,110.35442,111.88166,115.31188,115.33502,115.33465,116.33427,114.3339,113.33353,110.424385,110.42082,111.41726,112.413704,112.41014,110.40712,110.87271,111.873634,112.874565,112.87548,112.333206,112.3049,112.333206,110.38654,110.57517,95.60198,110.87181,3.8935692
21600,117.29983,117.20587,106.21566,106.19376,107.807755,107.63284,107.99692,107.84353,113.16247,113.15852,110.37355,110.83821,110.39071,110.83369,115.84807,115.507355,118.862816,118.50623,112.58871,113.1585,0.8531903,15.848623,15.844056,15.8394985,15.834931,16.830374,20.825806,22.821249,18.81668,14.812114,10.807556,7.8029885,4.798431,7.793864,14.789296,18.784739,19.780172,16.775614,13.771047,11.766489,14.761922,21.757355,28.752796,35.74823,42.74367,49.739105,51.734547,57.72998,63.72541,66.720856,67.716286,65.71173,60.70716,55.702602,53.698036,56.69347,59.68891,64.68434,70.67979,76.67522,80.67066,86.66609,90.66153,94.65697,94.652405,95.64784,95.64328,97.63872,98.634155,103.629585,109.62503,108.62046,106.615906,105.611336,104.60678,104.60221,107.59764,115.59309,111.19857,106.19365,110.194466,112.195274,112.19608,113.19689,113.19771,114.19852,114.19857,115.19938,115.20019,117.201,117.201805,117.202614,117.20342,117.20425,117.205055,109.8206,109.85061,108.880615,105.91062,103.940636,100.97064,99.00065,96.030655,94.06066,93.09067,93.120674,95.15068,99.180695,105.2107,106.21576,110.2477,113.27964,113.311584,113.34353,113.37547,114.40741,115.439354,116.4713,117.50324,117.53518,117.56712,107.99849,108.007286,109.0161,109.024895,110.03371,109.0425,109.051315,110.06011,110.068924,110.07772,110.08653,109.09533,107.10414,104.11294,102.12175,99.13055,97.13936,94.148155,93.15696,93.165764,95.17457,99.18337,105.19218,126.58851,126.58854,117.54179,117.49503,117.44829,117.401535,117.35478,117.30803,126.58871,117.58871,117.58871,117.58871,117.58871,117.58871,116.58871,115.58871,114.58871,114.58871,113.58871,113.58871,113.58871,112.58871,112.58871,112.58871,113.58871,115.58871,117.58871,119.58871,118.58871,116.58871,114.58871,111.58871,110.58871,109.58871,109.58871,108.58871,106.58871,104.58871,104.58871,104.58871,104.58871,107.58871,109.58871,110.58871,111.58871,117.20537,116.19258,114.1798,114.16701,117.30034,116.258316,114.2163,114.17427,113.129234,113.08626,113.04329,113.00031,111.957344,111.914375,113.1625,110.1625,113.15502,113.14755,113.14008,113.1326,112.12513,112.11765,111.11018,120.102715,115.09524,117.08777,118.08029,116.07282,113.06535,114.05787,112.0504,112.04292,112.03545,111.027985,110.02051,110.01304,109.00556,109.7919,109.82294,109.82527,108.82761,108.82994,109.832275,108.83461,108.836945,107.83928,107.84161,109.78722,107.808556,107.806656,108.80476,108.80286,109.80096,108.79906,108.79715,109.79526,109.79336,92.46222,97.07759,99.572815,103.06803,106.563255,109.73762,109.68803,108.63843,101.53785,108.61083,109.61489,109.618965,108.62303,108.627106,107.63117,111.90578,111.89972,116.89367,115.88762,116.88157,117.87551,116.86946,114.86341,113.85735,111.851295,111.88858,112.88094,114.8733,118.86566,110.84046,110.84387,109.8473,108.850716,108.85413,109.85755,112.86097,114.86439,116.867805,118.87122,117.87465,115.87806,114.881485,112.884895,111.88831,107.99849,107.84185,108.84288,109.8439,109.84493,110.84596,111.84699,111.848015,118.86049,119.856415,117.85235,118.864555,118.50449,118.5048,119.5051,117.505394,118.43348,118.36247,118.29145,117.22044,116.14944,111.839005,111.83533,111.83165,111.82798,110.8243,110.82063,109.81695,108.81327,108.8096,107.63205,108.61591,109.5998,110.58367,110.56755,115.849846,113.84824,111.84665,115.50558,110.562584,111.63167,111.70075,111.769844,111.83893,115.06899,115.45191,115.45192,115.3982,115.34448,115.09235,113.093025,111.09372,111.84889,111.84644,111.07647,111.09385,110.20623,110.31861,111.84584,115.27606,115.2992,115.29883,116.298454,114.29807,113.29771,110.388565,110.38501,111.38145,112.377884,112.37432,110.3713,110.8369,111.83782,112.83874,112.83966,112.297386,112.26908,112.297386,110.35072,110.53936,95.56617,110.83599,3.8577483
25200,117.40335,117.33332,106.34023,106.32405,108.03415,107.90393,108.174835,108.06105,113.30033,113.29736,110.71487,111.05697,110.72771,111.05357,116.06447,115.81477,119.07552,118.81393,112.62021,113.29735,0.81851333,15.81509,15.811667,15.808244,15.804821,16.801397,20.797985,22.794561,18.791138,14.787715,10.784292,7.780869,4.7774553,7.774032,14.770609,18.767187,19.763763,16.76034,13.756927,11.753504,14.75008,21.746656,28.743235,35.739822,42.736397,49.732975,51.729553,57.726128,63.722706,66.71929,67.715866,65.71245,60.709023,55.7056,53.702175,56.69876,59.69534,64.69192,70.68849,76.685074,80.68165,86.67823,90.67481,94.67139,94.66796,95.66454,95.661125,97.65771,98.65428,103.650856,109.64744,108.64401,106.6406,105.63718,104.63375,104.63033,107.62691,115.62348,111.327736,106.323975,110.3246,112.325226,112.325836,113.32646,113.32708,114.327705,114.327736,115.328354,115.32898,117.329605,117.330215,117.33084,117.33147,117.332085,117.3327,110.04381,110.06633,109.08884,106.11136,104.13387,101.156395,99.17892,96.20143,94.223946,93.24647,93.26898,95.291504,99.314026,105.33654,106.34031,110.36428,113.38826,113.41223,113.4362,113.46018,114.48415,115.508125,116.532104,117.556076,117.58005,117.60403,108.17601,108.18269,109.18937,109.19604,110.20272,109.20939,109.216064,110.22273,110.229416,110.236084,110.24276,109.24944,107.25611,104.26279,102.269455,99.27614,97.28281,94.28948,93.296165,93.30283,95.30951,99.316185,105.32286,126.62006,126.62008,117.584984,117.54988,117.51477,117.47967,117.44457,117.40947,126.62021,117.62021,117.62021,117.62021,117.62021,117.62021,116.62021,115.62021,114.62021,114.62021,113.62021,113.62021,113.62021,112.62021,112.62021,112.62021,113.62021,115.62021,117.62021,119.62021,118.62021,116.62021,114.62021,111.62021,110.62021,109.62021,109.62021,108.62021,106.62021,104.62021,104.62021,104.62021,104.62021,107.62021,109.62021,110.62021,111.62021,117.33295,116.32322,114.3135,114.30378,117.40373,116.37221,114.34068,114.30916,113.27539,113.24314,113.21089,113.17864,112.14639,112.11416,113.30035,110.30035,113.294685,113.28902,113.283356,113.27769,112.272026,112.26636,111.26069,120.25502,115.24936,117.24369,118.23803,116.23236,113.2267,114.22103,112.21537,112.2097,112.20404,111.19837,110.19271,110.18704,109.18138,110.02227,110.04556,110.04732,109.04907,109.05083,110.05259,109.054344,109.05611,108.05786,108.05961,110.01882,108.034744,108.033325,109.0319,109.03048,110.02905,109.02763,109.02621,110.02479,110.02336,98.250496,101.71557,103.09235,105.46914,107.845924,109.981766,109.94471,108.907646,101.832214,108.88703,109.89016,109.89329,108.89641,108.899536,107.90266,112.107735,112.10319,117.09865,116.09411,117.08957,118.08503,117.08049,115.07595,114.0714,112.066864,112.094826,113.089096,115.08337,119.07764,111.05865,111.06121,110.06378,109.06635,109.068924,110.07149,113.074066,115.07663,117.0792,119.08178,118.08434,116.08692,115.089485,113.09206,112.094635,108.17601,108.059784,109.06056,110.06133,110.062096,111.06287,112.06364,112.06441,119.07376,120.07071,118.06766,119.07681,118.81264,118.81287,119.81309,117.81332,118.75936,118.70608,118.65279,117.59951,116.54623,112.05764,112.05488,112.05212,112.049355,111.046585,111.043816,110.04105,109.03829,109.03553,107.90332,108.89111,109.8789,110.866684,110.85448,116.06579,114.064575,112.06338,115.813446,110.850716,111.90243,111.95415,112.00587,112.05759,115.48588,115.77323,115.77323,115.73297,115.69271,115.5034,113.50392,111.50445,112.06506,112.06322,111.49152,111.50455,110.58907,110.67359,112.062775,115.64139,115.65877,115.6585,116.65823,114.65795,113.657684,110.72611,110.72346,111.72079,112.718124,112.715454,110.713196,111.05596,112.056656,113.05735,113.05804,112.65745,112.63619,112.657455,110.697624,110.833305,100.581535,111.055275,3.821927
28800,117.51506,117.469315,106.47346,106.46302,108.27147,108.186516,108.363106,108.28928,113.44713,113.44516,111.066864,111.2865,111.07531,111.28425,116.29154,116.13232,119.298836,119.13175,112.65826,113.44515,0.78897095,15.78672,15.78446,15.782208,15.779948,16.777697,20.775436,22.773186,18.770935,14.768675,10.766423,7.764163,4.7619123,7.7596517,14.7574005,18.75514,19.75289,16.75063,13.748378,11.746118,14.743867,21.741615,28.739355,35.737103,42.734844,49.732594,51.73033,57.72808,63.725822,66.72357,67.72131,65.719055,60.716797,55.714546,53.712296,56.710037,59.707787,64.70553,70.70328,76.70101,80.69876,86.6965,90.69425,94.69199,94.68974,95.68748,95.68523,97.68297,98.68072,103.67847,109.67621,108.67396,106.67169,105.66944,104.66718,104.66493,107.662674,115.66042,111.46553,106.462975,110.463394,112.46382,112.46424,113.46465,113.46508,114.4655,114.46553,115.46595,115.46637,117.4668,117.46722,117.467636,117.46806,117.468475,117.468895,110.277855,110.29271,109.30758,106.32244,104.337296,101.35216,99.36701,96.38188,94.39674,93.4116,93.42646,95.441315,99.456184,105.47104,106.47351,110.489334,113.50516,113.52099,113.53681,113.552635,114.56845,115.58429,116.600105,117.61593,117.63176,117.64758,108.36389,108.368355,109.372826,109.377304,110.38177,109.386246,109.39071,110.39518,110.39964,110.40412,110.408585,109.413055,107.41753,104.422,102.42646,99.43094,97.4354,94.43987,93.44435,93.448814,95.45329,99.457756,105.46223,126.65816,126.65818,117.63499,117.61181,117.58862,117.56544,117.54226,117.51907,126.65826,117.65826,117.65826,117.65826,117.65826,117.65826,116.65826,115.65826,114.65826,114.65826,113.65826,113.65826,113.65826,112.65826,112.65826,112.65826,113.65826,115.65826,117.65826,119.65826,118.65826,116.65826,114.65826,111.65826,110.65826,109.65826,109.65826,108.65826,106.65826,104.65826,104.65826,104.65826,104.65826,107.65826,109.65826,110.65826,111.65826,117.46906,116.462524,114.455986,114.44945,117.51532,116.494514,114.47372,114.45292,113.43068,113.40939,113.388115,113.36683,112.34555,112.324265,113.44714,110.44714,113.443344,113.43955,113.43577,113.43197,112.42818,112.42438,111.420586,120.41679,115.413,117.40921,118.40541,116.40162,113.39782,114.394035,112.39024,112.386444,112.38265,111.37885,110.37507,110.37128,109.36748,110.26366,110.27902,110.28018,109.28135,109.28251,110.28367,109.284836,109.285995,108.28716,108.28832,110.26143,108.27186,108.27092,109.26999,109.26905,110.26812,109.26718,109.26624,110.26531,110.26437,104.18075,106.469055,106.700874,107.93268,109.16449,110.23714,110.21283,109.18853,102.13878,109.17502,110.17715,110.179276,109.18141,109.18354,108.18567,112.32006,112.31706,117.31407,116.31107,117.30808,118.305084,117.302086,115.299095,114.2961,112.293106,112.31153,113.307755,115.30398,119.3002,111.287575,111.28928,110.290985,109.29269,109.29439,110.29609,113.29779,115.29949,117.30119,119.302895,118.3046,116.306305,115.30801,113.30971,112.31141,108.36389,108.28844,109.28895,110.28945,110.28996,111.29046,112.29097,112.29149,119.29765,120.29563,118.293625,119.29966,119.13093,119.13107,120.131226,118.13137,119.095764,119.060616,119.02545,117.9903,116.95514,112.28701,112.28518,112.28335,112.281525,111.27969,111.277855,110.27603,109.2742,109.27237,108.18613,109.177956,110.16979,111.16162,111.15346,116.29239,114.291595,112.290794,116.131454,111.15095,112.18495,112.218956,112.25297,112.28697,115.91532,116.10496,116.104965,116.07844,116.05192,115.926895,113.927246,111.9276,112.291916,112.290695,111.91908,111.927666,110.98363,111.03958,112.2904,116.01808,116.02956,116.02939,117.02922,115.029045,114.02888,111.07428,111.07253,112.07077,113.06902,113.067276,111.06579,111.28581,112.28627,113.28672,113.28718,113.02873,113.014694,113.02874,111.05538,111.13947,105.72081,111.285355,3.7912314
32400,117.531845,117.49309,106.496475,106.48768,108.3247,108.25279,108.40223,108.33987,113.47409,113.47241,111.1527,111.33747,111.15987,111.335556,116.34179,116.20819,119.34799,119.20771,112.65364,113.472404,0.76474917,15.762833,15.760917,15.759001,15.757085,16.755169,20.753252,22.751328,18.74941,14.747495,10.745578,7.743662,4.741746,7.73983,14.737914,18.735998,19.734081,16.732157,13.73024,11.728324,14.726407,21.724491,28.722574,35.720657,42.718742,49.716827,51.71491,57.712986,63.711067,66.70915,67.70724,65.70532,60.703403,55.70149,53.699574,56.697655,59.69573,64.69382,70.691895,76.68998,80.688065,86.68615,90.684235,94.68232,94.680405,95.67848,95.67656,97.674644,98.67273,103.670815,109.66889,108.66698,106.66506,105.66315,104.66123,104.65932,107.65739,115.65547,111.48984,106.48764,110.48801,112.48836,112.488716,113.48908,113.48945,114.48981,114.48984,115.4902,115.49056,117.49092,117.49129,117.491646,117.49201,117.49238,117.49274,110.33015,110.34277,109.355415,106.36805,104.38069,101.39333,99.40596,96.4186,94.43124,93.44388,93.45652,95.46915,99.48179,105.49442,106.49651,110.50997,113.52344,113.536896,113.550354,113.56381,114.57727,115.59073,116.60418,117.617645,117.6311,117.64456,108.4029,108.40672,109.410545,109.41437,110.41819,109.42202,109.42584,110.42966,110.43348,110.4373,110.441124,109.44495,107.44877,104.45259,102.45641,99.460236,97.46406,94.46788,93.47171,93.47553,95.479355,99.48318,105.487,126.65356,126.65357,117.63384,117.61413,117.594406,117.574684,117.554955,117.53524,126.65364,117.65364,117.65364,117.65364,117.65364,117.65364,116.65364,115.65364,114.65364,114.65364,113.65364,113.65364,113.65364,112.65364,112.65364,112.65364,113.65364,115.65364,117.65364,119.65364,118.65364,116.65364,114.65364,111.65364,110.65364,109.65364,109.65364,108.65364,106.65364,104.65364,104.65364,104.65364,104.65364,107.65364,109.65364,110.65364,111.65364,117.492874,116.487274,114.48167,114.47607,117.53206,116.51437,114.49668,114.479,113.4601,113.44199,113.4239,113.40579,112.387695,112.36959,113.4741,110.4741,113.47085,113.467606,113.464355,113.46112,112.45788,112.45463,111.451385,120.44814,115.4449,117.44165,118.43841,116.43517,113.43192,114.42868,112.42543,112.422195,112.418945,111.4157,110.41245,110.40922,109.40597,110.31807,110.33113,110.33212,109.33311,109.33411,110.33509,109.33609,109.337074,108.338066,108.33906,110.31619,108.325035,108.324234,109.32345,109.32265,110.32185,109.32105,109.32027,110.319466,110.31867,105.88836,107.83486,107.73389,108.63293,109.53195,110.29558,110.27496,109.25435,102.21205,109.24289,110.24473,110.24656,109.24839,109.25023,108.25207,112.36603,112.36348,117.36093,116.35839,117.35584,118.353294,117.350746,115.348206,114.34566,112.34311,112.35878,113.35557,115.352356,119.349144,111.33839,111.339836,110.341286,109.342735,109.34418,110.34563,113.347084,115.34853,117.349976,119.351425,118.352875,116.354324,115.35578,113.35722,112.35867,108.4029,108.33915,109.339584,110.34001,110.34044,111.34087,112.34131,112.341736,119.34698,120.34527,118.34356,119.348694,119.207016,119.20714,120.20727,118.2074,119.17712,119.147224,119.117325,118.08744,117.05755,112.33793,112.33637,112.334816,112.33326,111.331696,111.33015,110.32859,109.32703,109.32547,108.25246,109.24547,110.238495,111.23151,111.22453,116.34251,114.341835,112.341156,116.20747,111.22238,112.25127,112.28014,112.30902,112.3379,116.02369,116.18495,116.18495,116.162415,116.13987,116.033516,114.03383,112.03413,112.342094,112.341064,112.026886,112.03419,111.08183,111.12948,112.34081,116.11111,116.12087,116.120735,117.12059,115.120445,114.12031,111.159,111.15751,112.15602,113.15453,113.153046,111.15178,111.336876,112.337265,113.33766,113.33805,113.120186,113.10824,113.120186,111.14289,111.21263,107.19859,111.336494,3.7666655
36000,117.54753,117.51523,106.51794,106.51064,108.37409,108.31418,108.43866,108.38682,113.49918,113.49779,111.23187,111.38478,111.23786,111.38318,116.38843,116.27818,119.393616,119.27779,112.64954,113.49778,0.7425459,15.740946,15.739337,15.737737,15.736128,16.734528,20.732918,22.73132,18.72971,14.728109,10.7265005,7.7249002,4.7232914,7.721691,14.720082,18.718483,19.716873,16.715273,13.713664,11.712064,14.710455,21.708855,28.707245,35.705647,42.704037,49.70244,51.70083,57.699226,63.697617,66.69602,67.69441,65.69281,60.6912,55.6896,53.687992,56.68639,59.68478,64.68318,70.68157,76.67997,80.67836,86.676765,90.675156,94.67355,94.67194,95.67035,95.66874,97.66714,98.66553,103.663925,109.662315,108.66072,106.65911,105.65751,104.6559,104.6543,107.652695,115.65109,111.51247,106.510605,110.51091,112.51122,112.51153,113.51183,113.51214,114.51246,114.51247,115.51277,115.51309,117.5134,117.5137,117.51401,117.51432,117.514626,117.51493,110.37866,110.38924,109.399826,106.41041,104.42098,101.43157,99.442154,96.45273,94.46332,93.4739,93.484474,95.49506,99.50564,105.51623,106.517975,110.529236,113.54051,113.55179,113.56306,113.574326,114.585594,115.59687,116.60814,117.61941,117.630684,117.64196,108.43922,108.44244,109.445656,109.44888,110.452095,109.455315,109.458534,110.46176,110.46498,110.4682,110.47142,109.47465,107.47787,104.48108,102.4843,99.487526,97.490746,94.493965,93.497185,93.50041,95.50363,99.50685,105.51007,126.64948,126.64949,117.63297,117.616455,117.59993,117.58341,117.566895,117.55037,126.64954,117.64954,117.64954,117.64954,117.64954,117.64954,116.64954,115.64954,114.64954,114.64954,113.64954,113.64954,113.64954,112.64954,112.64954,112.64954,113.64954,115.64954,117.64954,119.64954,118.64954,116.64954,114.64954,111.64954,110.64954,109.64954,109.64954,108.64954,106.64954,104.64954,104.64954,104.64954,104.64954,107.64954,109.64954,110.64954,111.64954,117.51505,116.510315,114.50559,114.50086,117.54772,116.53291,114.518105,114.503296,113.48747,113.47232,113.45716,113.44201,112.42684,112.41169,113.49919,110.49919,113.49646,113.49374,113.491,113.488266,112.48553,112.482796,111.48007,120.47733,115.4746,117.47186,118.46913,116.46639,113.46367,114.46094,112.4582,112.45547,112.45273,111.450005,110.44727,110.444534,109.4418,110.36855,110.379486,110.38032,109.38116,109.38198,110.38281,109.38364,109.384476,108.3853,108.38613,110.367,108.374374,108.37371,109.37304,109.37238,110.37171,109.371056,109.37039,110.36972,110.369064,107.468056,109.09848,108.68967,109.28085,109.872025,110.34978,110.33257,109.31535,102.279945,109.30579,110.30734,110.30891,109.31046,109.31201,108.31357,112.408714,112.406586,117.40446,116.40231,117.400185,118.398056,117.39593,115.3938,114.391655,112.38953,112.40264,113.399956,115.39726,119.39458,111.385544,111.386765,110.38797,109.38919,109.3904,110.39162,113.39284,115.39404,117.39526,119.39648,118.39769,116.39891,115.40012,113.40134,112.40256,108.43922,108.386215,109.38657,110.38693,110.38729,111.38766,112.388016,112.388374,119.39276,120.39133,118.3899,119.394196,119.27721,119.27732,120.27742,118.27753,119.252174,119.22716,119.202126,118.17709,117.15206,112.38519,112.38388,112.382576,112.38127,111.37997,111.37866,110.37735,109.376045,109.37475,108.3139,109.30802,110.30215,111.296265,111.29039,116.38902,114.38846,112.387886,116.27759,111.28858,112.31273,112.336876,112.361015,112.38516,116.12371,116.25874,116.25875,116.23989,116.22103,116.13195,114.1322,112.13246,112.38868,112.38782,112.1264,112.132515,111.17247,111.21242,112.38761,116.19695,116.20514,116.20502,117.2049,115.20478,114.20467,111.237144,111.2359,112.23465,113.23341,113.23217,111.23112,111.38428,112.384605,113.38493,113.385254,113.20457,113.19456,113.20457,111.223625,111.280426,108.56572,111.38396,3.7441552
39600,117.3051,117.23508,106.24199,106.22581,107.935905,107.80568,108.076584,107.96281,113.20209,113.19912,110.61662,110.958725,110.62946,110.95533,115.966225,115.71652,118.97728,118.715675,112.521965,113.1991,0.7202682,15.7168455,15.713422,15.709999,15.706576,16.703154,20.69974,22.696316,18.692894,14.68947,10.686047,7.682624,4.67921,7.675787,14.672364,18.668941,19.665518,16.662094,13.658681,11.655258,14.651835,21.648413,28.644989,35.641575,42.638153,49.634727,51.631306,57.627884,63.62446,66.62105,67.61762,65.6142,60.61078,55.607353,53.60393,56.600517,59.597095,64.59367,70.59025,76.58682,80.583405,86.57999,90.57657,94.57314,94.56972,95.5663,95.56288,97.559456,98.55604,103.55261,109.54919,108.54577,106.54235,105.53893,104.53551,104.53208,107.52866,115.52524,111.22949,106.22573,110.22636,112.22697,112.22759,113.22822,113.228836,114.229454,114.22949,115.23011,115.230736,117.23136,117.23197,117.2326,117.233215,117.23383,117.23446,109.945564,109.96808,108.99059,106.013115,104.03563,101.05815,99.08067,96.10319,94.1257,93.14822,93.17074,95.19326,99.215775,105.23829,106.242065,110.26604,113.290016,113.31399,113.33796,113.36194,114.38591,115.40988,116.43386,117.457825,117.4818,117.50577,108.07777,108.08445,109.09112,109.09779,110.10446,109.111145,109.11782,110.12449,110.13117,110.13784,110.144516,109.151184,107.15787,104.16454,102.17121,99.177895,97.18456,94.19124,93.19791,93.20459,95.211266,99.21793,105.22462,126.52181,126.521835,117.48674,117.45163,117.41653,117.381424,117.34633,117.311226,126.521965,117.521965,117.521965,117.521965,117.521965,117.521965,116.521965,115.521965,114.521965,114.521965,113.521965,113.521965,113.521965,112.521965,112.521965,112.521965,113.521965,115.521965,117.521965,119.521965,118.521965,116.521965,114.521965,111.521965,110.521965,109.521965,109.521965,108.521965,106.521965,104.521965,104.521965,104.521965,104.521965,107.521965,109.521965,110.521965,111.521965,117.234695,116.224976,114.215256,114.20553,117.30548,116.273964,114.24244,114.210915,113.17715,113.1449,113.11265,113.0804,112.04815,112.0159,113.2021,110.2021,113.19644,113.19077,113.18511,113.17944,112.173775,112.168106,111.162445,120.15678,115.151115,117.14545,118.139786,116.13412,113.128456,114.12279,112.11713,112.11146,112.1058,111.10013,110.09447,110.0888,109.08314,109.92403,109.94732,109.949066,108.95083,108.95258,109.954346,108.9561,108.957855,107.95961,107.961365,109.92058,107.9365,107.93508,108.933655,108.932236,109.93081,108.92939,108.92796,109.92654,109.92512,98.15225,101.617325,102.9941,105.370895,107.74767,109.88352,109.84646,108.8094,101.73396,108.78879,109.791916,109.795044,108.798164,108.80129,107.804405,112.00949,112.004944,117.000404,115.995865,116.991325,117.986786,116.98225,114.97771,113.97316,111.96862,111.99658,112.99085,114.98512,118.97939,110.960396,110.96297,109.96553,108.96811,108.97068,109.97324,112.97582,114.978386,116.98096,118.98353,117.9861,115.98868,114.99124,112.99381,111.99638,108.07777,107.96154,108.96231,109.96307,109.96385,110.96462,111.96539,111.96616,118.97552,119.972466,117.96941,118.97856,118.71439,118.714615,119.71484,117.71507,118.66112,118.607834,118.55454,117.50127,116.44798,111.9594,111.956635,111.953865,111.9511,110.94833,110.94557,109.94281,108.94005,108.93729,107.80508,108.79286,109.780655,110.76844,110.75623,115.967545,113.96633,111.96513,115.7152,110.752464,111.804184,111.8559,111.90762,111.959335,115.387634,115.67498,115.67498,115.63473,115.59447,115.40516,113.40568,111.4062,111.96682,111.96497,111.39328,111.4063,110.49083,110.57534,111.96453,115.54314,115.560524,115.56026,116.55998,114.55971,113.55943,110.62787,110.625206,111.62254,112.61988,112.61721,110.61495,110.95771,111.958405,112.9591,112.95979,112.559204,112.53795,112.55921,110.59938,110.73506,100.48329,110.95703,3.723682
43200,117.41682,117.37107,106.37521,106.36478,108.173225,108.08827,108.26486,108.19103,113.348885,113.34692,110.96862,111.188255,110.977066,111.186005,116.1933,116.034065,119.20059,119.03351,112.560005,113.34691,0.6907258,15.688475,15.686214,15.683964,15.681704,16.679453,20.677193,22.67494,18.67269,14.670429,10.668179,7.665918,4.663667,7.6614065,14.659156,18.656895,19.654644,16.652384,13.650133,11.647873,14.645621,21.64337,28.64111,35.63886,42.6366,49.634346,51.632088,57.629837,63.627575,66.62533,67.62306,65.62081,60.618553,55.616302,53.61404,56.61179,59.60954,64.60728,70.60503,76.60277,80.60052,86.59826,90.59601,94.59374,94.59149,95.58923,95.58698,97.584724,98.58247,103.58022,109.57796,108.57571,106.57345,105.5712,104.56894,104.56669,107.56443,115.56217,111.36729,106.36473,110.36514,112.36557,112.36599,113.36641,113.36684,114.367256,114.36729,115.36771,115.368126,117.36855,117.368965,117.369385,117.36981,117.37023,117.37065,110.17961,110.194466,109.209335,106.2242,104.23905,101.253914,99.26877,96.28364,94.29849,93.313354,93.32822,95.34307,99.35793,105.372795,106.37527,110.39109,113.40691,113.42273,113.43857,113.454384,114.47021,115.48604,116.50186,117.517685,117.533516,117.54934,108.26565,108.27011,109.27458,109.279045,110.28352,109.28799,109.292465,110.296936,110.3014,110.30588,110.31034,109.31481,107.319275,104.32375,102.32822,99.332695,97.33716,94.34163,93.34609,93.35057,95.355034,99.35951,105.36398,126.55991,126.55994,117.53674,117.513565,117.49037,117.46719,117.44401,117.42083,126.560005,117.560005,117.560005,117.560005,117.560005,117.560005,116.560005,115.560005,114.560005,114.560005,113.560005,113.560005,113.560005,112.560005,112.560005,112.560005,113.560005,115.560005,117.560005,119.560005,118.560005,116.560005,114.560005,111.560005,110.560005,109.560005,109.560005,108.560005,106.560005,104.560005,104.560005,104.560005,104.560005,107.560005,109.560005,110.560005,111.560005,117.37082,116.36428,114.35774,114.351204,117.41707,116.39627,114.37547,114.354675,113.33243,113.31115,113.28986,113.268585,112.2473,112.22602,113.34889,110.34889,113.3451,113.34131,113.33751,113.333725,112.329926,112.32613,111.32234,120.31854,115.31476,117.31097,118.30717,116.303375,113.299576,114.29579,112.292,112.2882,112.28441,111.28061,110.276825,110.27303,109.26923,110.165405,110.18078,110.18194,109.1831,109.184265,110.185425,109.18659,109.18775,108.18891,108.19008,110.163185,108.173615,108.172676,109.171745,109.17081,110.16986,109.16894,109.16799,110.16707,110.16612,104.082504,106.37081,106.60263,107.834435,109.066246,110.13888,110.114586,109.09029,102.040535,109.076775,110.0789,110.08103,109.08316,109.0853,108.087425,112.22181,112.21881,117.21581,116.21282,117.20982,118.20683,117.20384,115.20085,114.19785,112.194855,112.21329,113.20951,115.205734,119.20196,111.18933,111.19103,110.19274,109.19444,109.196144,110.197845,113.19955,115.20125,117.20295,119.20465,118.20635,116.20806,115.20976,113.211464,112.21316,108.26565,108.190186,109.1907,110.1912,110.19171,111.192215,112.192726,112.19323,119.199394,120.19739,118.19538,119.201416,119.032684,119.03283,120.03298,118.03313,118.99752,118.96237,118.92721,117.89206,116.856895,112.18877,112.186935,112.185104,112.18328,111.18144,111.17961,110.17779,109.17596,109.174126,108.087875,109.07971,110.07155,111.06337,111.0552,116.194145,114.19335,112.19255,116.03321,111.05269,112.08671,112.12071,112.154724,112.18873,115.81708,116.006714,116.00672,115.980194,115.953674,115.82865,113.829,111.82935,112.193665,112.19245,111.82083,111.82942,110.885376,110.94134,112.192154,115.91983,115.93131,115.931145,116.93098,114.9308,113.93063,110.976036,110.97429,111.97253,112.97078,112.96903,110.967545,111.18755,112.18802,113.18848,113.188934,112.93048,112.91645,112.93048,110.95713,111.04123,105.62257,111.18711,3.6929862
46800,117.47181,117.43949,106.4422,106.434906,108.29837,108.23846,108.36292,108.31108,113.42346,113.42205,111.15614,111.30906,111.16213,111.30745,116.31269,116.202446,119.31789,119.20206,112.57382,113.42204,0.6668203,15.665211,15.663611,15.662002,15.660402,16.658792,20.657192,22.655584,18.653984,14.652374,10.650775,7.6491656,4.647566,7.6459565,14.644357,18.642748,19.641148,16.639538,13.6379385,11.636329,14.634729,21.63312,28.63152,35.62991,42.62831,49.6267,51.625103,57.623493,63.62189,66.620285,67.61868,65.61707,60.615475,55.613865,53.612267,56.610657,59.609055,64.607445,70.60585,76.60424,80.60264,86.60103,90.59943,94.59782,94.59622,95.59461,95.59301,97.5914,98.5898,103.588196,109.58659,108.584984,106.58338,105.58177,104.58018,104.57857,107.576965,115.575356,111.436745,106.43488,110.43519,112.43549,112.4358,113.43611,113.43642,114.43672,114.436745,115.43705,115.437355,117.43766,117.437965,117.43828,117.43858,117.43889,117.43919,110.302925,110.313515,109.32409,106.33467,104.34526,101.355835,99.36642,96.37701,94.38758,93.39817,93.40875,95.41933,99.42992,105.44049,106.44224,110.453514,113.464775,113.47605,113.48733,113.4986,114.509865,115.52113,116.53241,117.543686,117.55495,117.56622,108.36348,108.36671,109.36993,109.373146,110.376366,109.37959,109.38281,110.386024,110.389244,110.39247,110.39569,109.39891,107.40213,104.40536,102.40858,99.4118,97.415016,94.41824,93.421455,93.424675,95.427895,99.431114,105.43434,126.573746,126.57377,117.55724,117.540726,117.52421,117.507675,117.49116,117.47464,126.57382,117.57382,117.57382,117.57382,117.57382,117.57382,116.57382,115.57382,114.57382,114.57382,113.57382,113.57382,113.57382,112.57382,112.57382,112.57382,113.57382,115.57382,117.57382,119.57382,118.57382,116.57382,114.57382,111.57382,110.57382,109.57382,109.57382,108.57382,106.57382,104.57382,104.57382,104.57382,104.57382,107.57382,109.57382,110.57382,111.57382,117.439316,116.43459,114.429855,114.42513,117.471985,116.45718,114.44237,114.42756,113.41175,113.39658,113.38143,113.36627,112.35112,112.33596,113.42347,110.42347,113.42073,113.418,113.41526,113.41253,112.409805,112.40707,111.404335,120.401596,115.398865,117.39613,118.3934,116.39067,113.38793,114.3852,112.38247,112.37974,112.37701,111.37427,110.37154,110.368805,109.36607,110.292816,110.30376,110.30459,109.30542,109.306244,110.30708,109.307915,109.30874,108.30957,108.3104,110.29126,108.298645,108.29798,109.29732,109.296646,110.29599,109.29532,109.294655,110.294,110.29333,107.39232,109.02274,108.61393,109.20512,109.7963,110.274055,110.256836,109.239624,102.204216,109.23006,110.23162,110.23317,109.234726,109.23629,108.23784,112.33298,112.33085,117.32872,116.32659,117.32446,118.32232,117.32019,115.31806,114.31593,112.3138,112.32691,113.32423,115.32154,119.31884,111.30981,111.31103,110.31225,109.31345,109.314674,110.31588,113.3171,115.31832,117.31953,119.32075,118.32197,116.32317,115.324394,113.32561,112.32682,108.36348,108.31048,109.310844,110.3112,110.31157,111.31192,112.31229,112.312645,119.31704,120.315605,118.31417,119.31847,119.201485,119.201584,120.20168,118.2018,119.17645,119.15142,119.12639,118.10136,117.07633,112.309456,112.30815,112.30684,112.30554,111.30424,111.302925,110.30162,109.300316,109.29901,108.238174,109.2323,110.22642,111.22053,111.21465,116.313286,114.31272,112.312164,116.201866,111.212845,112.23699,112.26114,112.28529,112.30944,116.04798,116.183014,116.183014,116.164154,116.1453,116.05621,114.05647,112.056725,112.31295,112.31209,112.050674,112.056786,111.09673,111.13669,112.311874,116.121216,116.1294,116.12929,117.129166,115.12906,114.12894,111.16141,111.160164,112.15893,113.15768,113.15644,111.15538,111.30855,112.30887,113.309204,113.30953,113.128845,113.118835,113.128845,111.147896,111.20469,108.48999,111.30823,3.66842
50400,117.413124,117.374374,106.37776,106.36896,108.205986,108.13407,108.283516,108.22115,113.35537,113.3537,111.03398,111.21876,111.041145,111.21685,116.22308,116.08947,119.22928,119.089,112.53492,113.35368,0.64604014,15.644124,15.642199,15.640283,15.638366,16.63645,20.634535,22.632618,18.630701,14.628785,10.626869,7.6249533,4.623028,7.6211114,14.619195,18.61728,19.615362,16.613447,13.61153,11.609614,14.607698,21.605782,28.603857,35.60194,42.600025,49.598106,51.59619,57.594276,63.59236,66.59045,67.588524,65.5866,60.584686,55.58277,53.580853,56.578938,59.577023,64.5751,70.57319,76.57127,80.56936,86.56743,90.56551,94.5636,94.56168,95.55977,95.55785,97.55593,98.554016,103.5521,109.550186,108.54826,106.54634,105.544426,104.54251,104.540596,107.53868,115.536766,111.37112,106.36892,110.369286,112.369644,112.37001,113.37038,113.370735,114.3711,114.37112,115.37148,115.37184,117.37221,117.37257,117.37293,117.37329,117.37366,117.374016,110.211426,110.22407,109.236694,106.24934,104.26197,101.27461,99.287254,96.29988,94.31252,93.32516,93.3378,95.35044,99.36307,105.37571,106.37781,110.39126,113.40472,113.418175,113.43163,113.44509,114.45856,115.472015,116.48547,117.49893,117.51239,117.52585,108.28418,108.28801,109.29183,109.295654,110.29948,109.3033,109.30712,110.31094,110.314766,110.31859,110.32241,109.32623,107.33006,104.333885,102.33771,99.34153,97.345345,94.34917,93.35299,93.35681,95.360634,99.364456,105.36828,126.534836,126.53486,117.51514,117.49541,117.475685,117.45597,117.43625,117.41652,126.53492,117.53492,117.53492,117.53492,117.53492,117.53492,116.53492,115.53492,114.53492,114.53492,113.53492,113.53492,113.53492,112.53492,112.53492,112.53492,113.53492,115.53492,117.53492,119.53492,118.53492,116.53492,114.53492,111.53492,110.53492,109.53492,109.53492,108.53492,106.53492,104.53492,104.53492,104.53492,104.53492,107.53492,109.53492,110.53492,111.53492,117.37416,116.36856,114.36296,114.35735,117.41334,116.39565,114.377975,114.36029,113.34138,113.32328,113.305176,113.28709,112.26898,112.250885,113.35538,110.35538,113.352135,113.34889,113.34565,113.3424,112.33916,112.33592,111.33267,120.32943,115.32618,117.322945,118.319695,116.31645,113.3132,114.30997,112.306725,112.303474,112.30023,111.29699,110.29375,110.2905,109.287254,110.19935,110.21242,110.21341,109.2144,109.215385,110.21637,109.21737,109.21835,108.21935,108.22034,110.19747,108.20632,108.20552,109.20473,109.20393,110.20314,109.20235,109.201546,110.20075,110.19996,105.76964,107.71615,107.61518,108.514206,109.413246,110.17686,110.15625,109.135635,102.09334,109.124176,110.126015,110.127846,109.129684,109.131516,108.13335,112.247314,112.244774,117.242226,116.23968,117.23713,118.23459,117.23204,115.22949,114.226944,112.22439,112.24007,113.236855,115.233635,119.23043,111.21967,111.221115,110.222565,109.22402,109.22547,110.22692,113.22836,115.22981,117.23126,119.23272,118.23416,116.23561,115.23706,113.23851,112.23996,108.28418,108.220436,109.22086,110.22129,110.22173,111.22216,112.22259,112.22302,119.228264,120.22655,118.22484,119.22997,119.088295,119.088425,120.08855,118.08868,119.0584,119.02852,118.99862,117.96873,116.93883,112.21922,112.21766,112.2161,112.21454,111.21299,111.211426,110.20987,109.208305,109.20676,108.133736,109.12676,110.119774,111.112785,111.10581,116.22379,114.223114,112.222435,116.08875,111.10366,112.132545,112.16143,112.19031,112.21919,115.90497,116.06623,116.06623,116.04369,116.02116,115.91481,113.91511,111.91541,112.22339,112.22235,111.90818,111.915474,110.96313,111.010765,112.22211,115.992386,116.00217,116.002014,117.00188,115.00173,114.00159,111.04028,111.038795,112.03731,113.03582,113.03433,111.03307,111.21816,112.21855,113.21894,113.21933,113.00147,112.989525,113.00147,111.02418,111.09392,107.07987,111.21778,3.6479564
54000,117.34927,117.30353,106.30767,106.29723,108.105675,108.02073,108.19731,108.12349,113.281334,113.27937,110.90108,111.12071,110.909515,111.11846,116.12575,115.96652,119.13304,118.96596,112.49247,113.279366,0.62318575,15.620925,15.618674,15.616414,15.614163,16.611912,20.609652,22.6074,18.60514,14.602889,10.600629,7.598378,4.5961175,7.593867,14.591606,18.589355,19.587095,16.584845,13.582593,11.580333,14.578081,21.57582,28.57357,35.57131,42.569057,49.5668,51.56455,57.562286,63.560036,66.55778,67.55553,65.55326,60.551014,55.548763,53.5465,56.54425,59.541992,64.53974,70.537476,76.535225,80.53297,86.530716,90.52846,94.52621,94.52395,95.5217,95.51944,97.51718,98.51493,103.51267,109.51042,108.50816,106.50591,105.50365,104.501396,104.49914,107.49689,115.49463,111.299736,106.29719,110.29761,112.29803,112.298454,113.298874,113.299286,114.29972,114.299736,115.30016,115.30058,117.301,117.30143,117.30185,117.30227,117.3027,117.303116,110.11206,110.12693,109.14179,106.15665,104.17151,101.18636,99.20123,96.216095,94.23095,93.24581,93.260666,95.275536,99.29039,105.30525,106.30772,110.32355,113.33937,113.355194,113.37102,113.38685,114.40267,115.41849,116.434326,117.45014,117.465965,117.48179,108.198105,108.20257,109.20705,109.21151,110.21598,109.22044,109.22492,110.229385,110.233864,110.23833,110.2428,109.24726,107.25174,104.2562,102.26068,99.26515,97.269615,94.27409,93.27856,93.28303,95.28749,99.29197,105.29643,126.49238,126.492386,117.46921,117.446014,117.42284,117.39966,117.376465,117.35329,126.49247,117.49247,117.49247,117.49247,117.49247,117.49247,116.49247,115.49247,114.49247,114.49247,113.49247,113.49247,113.49247,112.49247,112.49247,112.49247,113.49247,115.49247,117.49247,119.49247,118.49247,116.49247,114.49247,111.49247,110.49247,109.49247,109.49247,108.49247,106.49247,104.49247,104.49247,104.49247,104.49247,107.49247,109.49247,110.49247,111.49247,117.303276,116.29674,114.2902,114.28365,117.349525,116.32873,114.30793,114.28713,113.26489,113.24361,113.22232,113.201035,112.17975,112.15847,113.28136,110.28136,113.27756,113.273766,113.26997,113.266174,112.26239,112.25859,111.2548,120.25101,115.24721,117.24342,118.239624,116.23583,113.23204,114.22824,112.22445,112.220665,112.216866,111.21307,110.209274,110.20548,109.2017,110.09787,110.113235,110.114395,109.11556,109.11672,110.11789,109.11905,109.12021,108.121376,108.122536,110.09564,108.10607,108.10513,109.104195,109.103264,110.102325,109.101395,109.10046,110.09952,110.09859,104.01496,106.30327,106.53508,107.766884,108.9987,110.07134,110.04704,109.022736,101.972984,109.00923,110.01136,110.0135,109.015625,109.017746,108.019875,112.15427,112.15127,117.14828,116.14528,117.14229,118.13929,117.13629,115.1333,114.1303,112.12731,112.145744,113.14197,115.13819,119.13441,111.121796,111.1235,110.1252,109.1269,109.1286,110.1303,113.132,115.1337,117.1354,119.1371,118.13881,116.14051,115.14221,113.14391,112.145615,108.198105,108.12265,109.12315,110.123665,110.124176,111.12468,112.12519,112.125694,119.13186,120.129845,118.12783,119.133865,118.96513,118.96528,119.96543,117.965576,118.929985,118.89482,118.85967,117.82451,116.78936,112.121216,112.11939,112.11756,112.11573,111.11391,111.112076,110.11024,109.10841,109.10658,108.02033,109.01216,110.004,110.99583,110.98766,116.1266,114.1258,112.125015,115.965675,110.98515,112.01916,112.05316,112.08718,112.121185,115.749535,115.93917,115.93917,115.91265,115.88612,115.76111,113.76145,111.7618,112.12612,112.12491,111.753296,111.76188,110.81784,110.8738,112.12461,115.85229,115.86377,115.8636,116.86343,114.86326,113.86309,110.90849,110.90674,111.90499,112.90324,112.90149,110.9,111.12002,112.120476,113.12093,113.12139,112.862946,112.8489,112.862946,110.889595,110.97368,105.555016,111.11957,3.6254368
57600,117.04296,116.949005,105.958786,105.93688,107.55089,107.37598,107.74005,107.58666,112.9056,112.90165,110.116684,110.581345,110.13384,110.57681,115.591194,115.25049,118.60594,118.24936,112.33183,112.90163,0.59631294,15.591755,15.587188,15.58263,15.578063,16.573496,20.568937,22.564371,18.559813,14.555245,10.550688,7.5461206,4.5415535,7.536996,14.532429,18.52787,19.523304,16.518736,13.514178,11.509611,14.5050535,21.500486,28.495928,35.49136,42.486794,49.482235,51.47767,57.47311,63.468544,66.46399,67.45942,65.45485,60.450294,55.44573,53.44117,56.436604,59.432045,64.427475,70.42291,76.41835,80.41379,86.409225,90.40466,94.4001,94.39554,95.39097,95.386406,97.38184,98.37728,103.37272,109.36816,108.363594,106.359024,105.35447,104.3499,104.345345,107.340775,115.33622,110.941696,105.93678,109.93759,111.9384,111.93922,112.940025,112.940834,113.94164,113.941696,114.942505,114.94331,116.94413,116.94494,116.94575,116.946556,116.947365,116.94817,109.56373,109.593735,108.62375,105.653755,103.68376,100.71377,98.74378,95.77379,93.803795,92.8338,92.86381,94.893814,98.92382,104.953835,105.95889,109.99084,113.02277,113.05472,113.08666,113.1186,114.15054,115.18249,116.21443,117.24637,117.27831,117.31026,107.741615,107.75042,108.75922,108.76803,109.776825,108.78564,108.79443,109.803246,109.81204,109.820854,109.82965,108.83846,106.84726,103.85607,101.86487,98.87368,96.88248,93.89129,92.900085,92.9089,94.917694,98.926506,104.9353,126.331635,126.331665,117.28492,117.23817,117.191414,117.14467,117.09791,117.051155,126.33183,117.33183,117.33183,117.33183,117.33183,117.33183,116.33183,115.33183,114.33183,114.33183,113.33183,113.33183,113.33183,112.33183,112.33183,112.33183,113.33183,115.33183,117.33183,119.33183,118.33183,116.33183,114.33183,111.33183,110.33183,109.33183,109.33183,108.33183,106.33183,104.33183,104.33183,104.33183,104.33183,107.33183,109.33183,110.33183,111.33183,116.948494,115.935715,113.92292,113.91014,117.04347,116.00145,113.959435,113.917404,112.87236,112.82939,112.786415,112.74345,111.70047,111.65751,112.90562,109.90562,112.89815,112.89068,112.8832,112.87573,111.868256,111.86079,110.85332,119.84584,114.83837,116.83089,117.82342,115.81595,112.80847,113.801,111.793526,111.78606,111.77859,110.77111,109.76364,109.75616,108.74869,109.53503,109.56606,109.568405,108.57074,108.573074,109.57541,108.57774,108.58008,107.58241,107.58475,109.53035,107.55169,107.54979,108.54788,108.54599,109.54409,108.54218,108.54028,109.53838,109.53648,92.20534,96.820724,99.31595,102.811165,106.30638,109.48075,109.43116,108.38156,101.28098,108.35395,109.358025,109.36209,108.366165,108.37023,107.374306,111.64891,111.64285,116.6368,115.630745,116.624695,117.618645,116.61259,114.606544,113.60049,111.59443,111.631714,112.62406,114.61643,118.608795,110.583595,110.587006,109.59043,108.59384,108.59726,109.60068,112.604095,114.60752,116.61093,118.61436,117.61777,115.62119,114.6246,112.62803,111.63144,107.741615,107.58498,108.586006,109.587036,109.58806,110.58909,111.59011,111.59115,118.60361,119.59955,117.59548,118.60768,118.24762,118.24792,119.24823,117.24853,118.17661,118.1056,118.034584,116.96358,115.89256,111.58213,111.57845,111.574776,111.5711,110.56743,110.56375,109.56008,108.556404,108.55273,107.375175,108.35905,109.342926,110.3268,110.31068,115.59298,113.59138,111.58978,115.2487,110.3057,111.374794,111.44388,111.51298,111.58206,114.812126,115.19504,115.19505,115.141335,115.087616,114.83548,112.83616,110.83684,111.59202,111.58956,110.8196,110.836975,109.94936,110.06174,111.58897,115.01919,115.042336,115.04196,116.04158,114.04121,113.04083,110.1317,110.128136,111.12457,112.12102,112.117455,110.11443,110.580025,111.58094,112.58187,112.582794,112.04052,112.012215,112.04052,110.09386,110.282486,95.30929,110.57912,3.6008801
61200,117.00714,116.913185,105.922966,105.90107,107.51507,107.34016,107.70423,107.55084,112.86978,112.86584,110.080864,110.545525,110.09802,110.54099,115.555374,115.21467,118.57012,118.21354,112.29601,112.86581,0.5604919,15.555934,15.551367,15.546809,15.542242,16.537683,20.533117,22.52855,18.523993,14.519424,10.514867,7.5102997,4.5057416,7.5011744,14.496608,18.49205,19.487482,16.482925,13.478357,11.4738,14.469233,21.464664,28.460108,35.45554,42.45098,49.446415,51.441856,57.43729,63.432724,66.42816,67.4236,65.41904,60.414474,55.409916,53.40535,56.40078,59.39622,64.391655,70.3871,76.38253,80.37796,86.373405,90.368835,94.36428,94.35971,95.355156,95.350586,97.34602,98.34146,103.3369,109.33234,108.327774,106.32321,105.31865,104.31408,104.309525,107.304955,115.3004,110.90587,105.90096,109.90177,111.90259,111.9034,112.904205,112.905014,113.90582,113.90587,114.90668,114.9075,116.90831,116.90912,116.90993,116.910736,116.911545,116.91236,109.527916,109.55792,108.58793,105.617935,103.64794,100.67795,98.707954,95.73797,93.767975,92.79798,92.82799,94.857994,98.888,104.91801,105.92307,109.95501,112.98695,113.0189,113.05084,113.08278,114.11472,115.14667,116.17861,117.21055,117.24249,117.27444,107.70579,107.7146,108.7234,108.73221,109.741005,108.74982,108.75861,109.767426,109.77622,109.785034,109.79383,108.80264,106.81144,103.82025,101.82905,98.83786,96.84666,93.85547,92.864265,92.87307,94.881874,98.89068,104.89948,126.29582,126.295845,117.2491,117.20235,117.155594,117.10885,117.062096,117.015335,126.29601,117.29601,117.29601,117.29601,117.29601,117.29601,116.29601,115.29601,114.29601,114.29601,113.29601,113.29601,113.29601,112.29601,112.29601,112.29601,113.29601,115.29601,117.29601,119.29601,118.29601,116.29601,114.29601,111.29601,110.29601,109.29601,109.29601,108.29601,106.29601,104.29601,104.29601,104.29601,104.29601,107.29601,109.29601,110.29601,111.29601,116.912674,115.89989,113.8871,113.87432,117.00765,115.96563,113.92361,113.881584,112.83653,112.79357,112.750595,112.70763,111.66466,111.62168,112.86981,109.86981,112.86233,112.85486,112.84738,112.83991,111.83244,111.82497,110.8175,119.81002,114.80255,116.795074,117.7876,115.78013,112.77265,113.76518,111.757706,111.75024,111.74277,110.73528,109.72781,109.72034,108.71287,109.49921,109.53025,109.532585,108.53492,108.537254,109.53959,108.54192,108.54426,107.54659,107.54893,109.49453,107.51587,107.51397,108.51206,108.51016,109.50827,108.50636,108.50446,109.50256,109.500656,92.16952,96.784904,99.28013,102.77534,106.27056,109.44493,109.39533,108.34574,101.245155,108.31813,109.322205,109.32627,108.330345,108.33441,107.338486,111.61309,111.60703,116.600975,115.59493,116.588875,117.582825,116.57677,114.57072,113.56467,111.55861,111.595894,112.58824,114.580605,118.57297,110.547775,110.551186,109.55461,108.55802,108.56145,109.56486,112.56828,114.57169,116.57511,118.57854,117.58195,115.58537,114.58878,112.59221,111.59562,107.70579,107.54916,108.55018,109.551216,109.55224,110.55327,111.5543,111.55533,118.5678,119.56373,117.55966,118.57186,118.2118,118.2121,119.21241,117.21271,118.14079,118.069786,117.998764,116.92776,115.85674,111.54631,111.54264,111.53896,111.53528,110.53161,110.52793,109.524254,108.520584,108.51691,107.339355,108.32323,109.307106,110.29098,110.27486,115.55716,113.55556,111.553955,115.21288,110.26988,111.338974,111.40806,111.47715,111.546234,114.776306,115.15922,115.159225,115.105515,115.051796,114.79966,112.80034,110.80102,111.5562,111.55374,110.78378,110.801155,109.91354,110.02592,111.55315,114.98337,115.006516,115.00614,116.00576,114.00539,113.00501,110.09587,110.09231,111.08876,112.0852,112.081635,110.07861,110.5442,111.54513,112.54605,112.546974,112.0047,111.976395,112.0047,110.05804,110.246666,95.27347,110.5433,3.565059
64800,116.97132,116.87737,105.887146,105.86525,107.479256,107.30434,107.6684,107.51502,112.83397,112.83002,110.04505,110.5097,110.06221,110.50518,115.51956,115.178856,118.5343,118.17772,112.2602,112.829994,0.52468014,15.520113,15.515555,15.510988,15.506421,16.501863,20.497295,22.492739,18.48817,14.483613,10.479046,7.4744787,4.4699206,7.4653535,14.460795,18.456228,19.45167,16.447104,13.442536,11.437979,14.433412,21.428854,28.424286,35.419727,42.41516,49.410595,51.406036,57.40147,63.39691,66.39234,67.38779,65.38322,60.37865,55.374092,53.369526,56.364967,59.3604,64.35584,70.35128,76.34671,80.342155,86.337585,90.33302,94.32846,94.3239,95.319336,95.314766,97.31021,98.30564,103.30109,109.29652,108.29196,106.28739,105.28282,104.27827,104.2737,107.26914,115.26457,110.870056,105.86515,109.86596,111.86677,111.86758,112.868385,112.8692,113.87001,113.870056,114.87087,114.87168,116.87249,116.8733,116.874115,116.87492,116.87573,116.87654,109.49209,109.5221,108.55211,105.582115,103.61212,100.64213,98.672134,95.70214,93.732155,92.76216,92.792175,94.82218,98.85219,104.8822,105.88725,109.91919,112.95113,112.98308,113.015015,113.04696,114.0789,115.11085,116.142784,117.17473,117.20667,117.23862,107.669975,107.67878,108.687584,108.69639,109.70519,108.714,108.7228,109.731606,109.74041,109.749214,109.75802,108.76682,106.77563,103.784424,101.793236,98.80203,96.810844,93.81964,92.82845,92.83725,94.84606,98.85486,104.86367,126.26,126.26003,117.21329,117.16653,117.119774,117.07302,117.026276,116.97952,126.2602,117.2602,117.2602,117.2602,117.2602,117.2602,116.2602,115.2602,114.2602,114.2602,113.2602,113.2602,113.2602,112.2602,112.2602,112.2602,113.2602,115.2602,117.2602,119.2602,118.2602,116.2602,114.2602,111.2602,110.2602,109.2602,109.2602,108.2602,106.2602,104.2602,104.2602,104.2602,104.2602,107.2602,109.2602,110.2602,111.2602,116.87686,115.86407,113.85129,113.83851,116.97183,115.92982,113.88779,113.84577,112.80073,112.75775,112.714775,112.671814,111.62884,111.58586,112.833984,109.833984,112.826515,112.81904,112.81157,112.8041,111.79662,111.789154,110.78168,119.77421,114.76672,116.759254,117.751785,115.74431,112.73684,113.72936,111.72189,111.714424,111.70695,110.69948,109.69199,109.684525,108.677055,109.46339,109.49443,109.496765,108.4991,108.501434,109.50377,108.5061,108.50844,107.51077,107.513115,109.45871,107.48006,107.47815,108.47625,108.47435,109.47245,108.47055,108.46865,109.46674,109.46484,92.133705,96.749084,99.24431,102.739525,106.23474,109.40911,109.35951,108.30991,101.20934,108.28232,109.286385,109.29046,108.294525,108.2986,107.30266,111.57727,111.57121,116.56517,115.55911,116.553055,117.54701,116.540955,114.5349,113.52885,111.5228,111.56007,112.55243,114.54479,118.53715,110.51195,110.51537,109.51879,108.52221,108.52563,109.529045,112.53246,114.53587,116.5393,118.54271,117.546135,115.549545,114.55297,112.55639,111.55981,107.669975,107.513336,108.514366,109.515396,109.516426,110.517456,111.51848,111.519516,118.531975,119.527916,117.52385,118.53604,118.17599,118.176285,119.17658,117.17688,118.10497,118.03396,117.96295,116.89193,115.82092,111.51049,111.50681,111.50314,111.499466,110.4958,110.49212,109.48845,108.48477,108.481094,107.303535,108.287415,109.271286,110.255165,110.23904,115.52135,113.519745,111.518135,115.17707,110.23407,111.303154,111.372246,111.44133,111.510414,114.74049,115.123405,115.123405,115.06969,115.01598,114.76384,112.76453,110.765205,111.52038,111.51793,110.74797,110.76534,109.87772,109.990105,111.517334,114.94755,114.9707,114.97032,115.96995,113.969574,112.96919,110.06007,110.0565,111.05294,112.04938,112.045815,110.0428,110.50839,111.50931,112.51023,112.511154,111.96888,111.940575,111.96889,110.02222,110.21085,95.237656,110.507484,3.529238
68400,117.17283,117.11953,106.12452,106.112305,107.89005,107.79103,107.996925,107.910706,113.093956,113.091675,110.65005,110.90751,110.65986,110.90491,115.91332,115.72621,118.9218,118.725555,112.339005,113.09167,0.49080312,15.48818,15.485566,15.482944,15.4803295,16.477707,20.475092,22.47247,18.469856,14.467233,10.464609,7.4619956,4.4593725,7.4567585,14.454136,18.45152,19.448898,16.446285,13.443662,11.441039,14.438425,21.435802,28.433187,35.430565,42.42795,49.425327,51.422714,57.42009,63.41747,66.414856,67.41223,65.409615,60.406994,55.40438,53.401756,56.399143,59.39652,64.3939,70.39128,76.388664,80.38605,86.38342,90.38081,94.37819,94.375565,95.37295,95.37032,97.367714,98.36509,103.36247,109.359856,108.35724,106.354614,105.35199,104.34938,104.346756,107.34414,115.34152,111.11518,106.11225,110.11273,112.11322,112.1137,113.11418,113.11467,114.11515,114.11518,115.11566,115.11615,117.11663,117.11711,117.1176,117.11809,117.118576,117.11906,109.89746,109.91471,108.93196,105.94921,103.96646,100.98371,99.00095,96.01821,94.03545,93.05271,93.069954,95.0872,99.104454,105.1217,106.12457,110.142944,113.16131,113.17968,113.19805,113.21641,114.23478,115.25314,116.271515,117.28989,117.30825,117.326614,107.997826,108.00299,109.008156,109.01331,110.01848,109.02364,109.0288,110.03396,110.039116,110.04428,110.049446,109.0546,107.05977,104.06493,102.07009,99.07526,97.08041,94.08557,93.09074,93.095894,95.10106,99.106224,105.11138,126.3389,126.33891,117.31201,117.28511,117.2582,117.2313,117.2044,117.17749,126.339005,117.339005,117.339005,117.339005,117.339005,117.339005,116.339005,115.339005,114.339005,114.339005,113.339005,113.339005,113.339005,112.339005,112.339005,112.339005,113.339005,115.339005,117.339005,119.339005,118.339005,116.339005,114.339005,111.339005,110.339005,109.339005,109.339005,108.339005,106.339005,104.339005,104.339005,104.339005,104.339005,107.339005,109.339005,110.339005,111.339005,117.11925,116.1117,114.104164,114.09663,117.17313,116.14898,114.12483,114.100685,113.07486,113.05015,113.025444,113.00074,111.976036,111.95134,113.09396,110.09396,113.08959,113.08521,113.080826,113.07645,112.07207,112.06769,111.0633,120.05892,115.05454,117.05016,118.04578,116.0414,113.037025,114.032646,112.02827,112.02388,112.0195,111.01512,110.01074,110.006355,109.001976,109.88098,109.89881,109.90016,108.90151,108.902855,109.904205,108.905556,108.906906,107.90825,107.9096,109.878365,107.8905,107.88942,108.888336,108.88725,109.88616,108.88507,108.88399,109.8829,109.881805,102.02242,104.67794,105.26716,106.85637,108.44557,109.8501,109.82183,108.79356,101.73579,108.77783,109.78028,109.78272,108.785164,108.787605,107.790054,111.946434,111.94297,116.93949,115.93601,116.93253,117.929054,116.92558,114.922104,113.918625,111.915146,111.93655,112.93216,114.92778,118.923386,110.908775,110.91074,109.91273,108.914696,108.91667,109.91864,112.920616,114.922585,116.92456,118.92653,117.92851,115.93048,114.93246,112.934425,111.9364,107.997826,107.90973,108.91032,109.910904,109.9115,110.91209,111.912674,111.91327,118.920425,119.91808,117.91575,118.92276,118.72459,118.72477,119.72493,117.72511,118.683784,118.64297,118.60216,117.561356,116.52054,111.90807,111.90595,111.90383,111.90171,110.89959,110.89747,109.89535,108.89323,108.89111,107.79057,108.781136,109.771706,110.76227,110.75283,115.914314,113.9134,111.912476,115.72521,110.74992,111.78946,111.82898,111.86851,111.908035,115.47432,115.694435,115.694435,115.66363,115.63282,115.48774,113.48815,111.48855,111.91376,111.91235,111.47866,111.48863,110.55351,110.61839,111.91201,115.59353,115.60686,115.60665,116.606445,114.606255,113.60605,110.658646,110.65661,111.65457,112.652534,112.65051,110.64878,110.906715,111.90725,112.90779,112.90832,112.60588,112.589584,112.60588,110.63675,110.73661,103.80935,110.9062,3.4934263
72000,117.231995,117.19324,106.19662,106.18783,108.02484,107.95294,108.10238,108.04001,113.174225,113.17256,110.85285,111.03762,110.860016,111.035706,116.04194,115.90833,119.04814,118.90786,112.35379,113.172554,0.46489772,15.462981,15.461065,15.459149,15.457233,16.455307,20.453392,22.451475,18.449558,14.447643,10.445726,7.4438105,4.4418945,7.439978,14.438062,18.436136,19.434221,16.432304,13.430388,11.4284725,14.426556,21.42464,28.422724,35.420807,42.41889,49.416965,51.41505,57.41313,63.411217,66.4093,67.40739,65.40547,60.403553,55.401638,53.39972,56.397797,59.395878,64.39396,70.392044,76.39013,80.388214,86.3863,90.384384,94.38247,94.38054,95.378624,95.37671,97.374794,98.37288,103.37096,109.36904,108.36713,106.36521,105.3633,104.36137,104.35945,107.35754,115.35562,111.18999,106.18778,110.18814,112.18851,112.188866,113.18923,113.18959,114.18996,114.18999,115.190346,115.19071,117.19107,117.19144,117.191795,117.19216,117.19252,117.19289,110.03029,110.04292,109.055565,106.0682,104.08084,101.09347,99.10611,96.11875,94.131386,93.14403,93.156654,95.1693,99.18194,105.19457,106.19666,110.21012,113.22358,113.237045,113.2505,113.26396,114.27741,115.29087,116.30433,117.31779,117.33125,117.34471,108.10305,108.10687,109.110695,109.11451,110.11833,109.122154,109.12598,110.1298,110.13362,110.13745,110.14127,109.145096,107.14892,104.15274,102.15656,99.160385,97.16421,94.16803,93.17185,93.175674,95.179504,99.18333,105.18715,126.35371,126.353714,117.33399,117.31428,117.294556,117.274826,117.255104,117.23539,126.35379,117.35379,117.35379,117.35379,117.35379,117.35379,116.35379,115.35379,114.35379,114.35379,113.35379,113.35379,113.35379,112.35379,112.35379,112.35379,113.35379,115.35379,117.35379,119.35379,118.35379,116.35379,114.35379,111.35379,110.35379,109.35379,109.35379,108.35379,106.35379,104.35379,104.35379,104.35379,104.35379,107.35379,109.35379,110.35379,111.35379,117.19302,116.187416,114.181816,114.176216,117.23221,116.214516,114.19683,114.179146,113.16025,113.14214,113.12405,113.10594,112.087845,112.06974,113.17424,110.17424,113.171,113.167755,113.164505,113.16126,112.15802,112.15478,111.15153,120.148285,115.14505,117.1418,118.13856,116.13531,113.13207,114.12882,112.12558,112.122345,112.119095,111.11585,110.1126,110.10937,109.10612,110.01822,110.03128,110.032265,109.03326,109.03425,110.03524,109.036224,109.037224,108.03821,108.0392,110.01634,108.02518,108.02438,109.02358,109.0228,110.022,109.0212,109.02042,110.019615,110.01882,105.58851,107.53501,107.43404,108.33308,109.2321,109.99573,109.97511,108.9545,101.91219,108.94304,109.94487,109.94671,108.94854,108.95037,107.9522,112.06618,112.06363,117.06108,116.05854,117.05599,118.053444,117.050896,115.04835,114.04581,112.04326,112.05893,113.05571,115.052505,119.04929,111.038536,111.039986,110.041435,109.04288,109.04433,110.04578,113.04723,115.04868,117.050125,119.051575,118.053024,116.054474,115.055916,113.057365,112.05882,108.10305,108.0393,109.03973,110.04016,110.04059,111.041016,112.04145,112.041885,119.04713,120.04542,118.0437,119.048836,118.907166,118.90729,119.90742,117.90754,118.877266,118.847374,118.817474,117.78759,116.7577,112.03808,112.03652,112.03496,112.03341,111.031845,111.03029,110.02873,109.027176,109.02561,107.95261,108.94562,109.93863,110.931656,110.92467,116.042656,114.04198,112.041306,115.90762,110.92253,111.951416,111.980286,112.00917,112.03805,115.72382,115.8851,115.8851,115.86256,115.84001,115.733665,113.73398,111.734276,112.042244,112.041214,111.727036,111.73434,110.78198,110.82963,112.04096,115.81126,115.82102,115.820885,116.82073,114.820595,113.82045,110.85914,110.85765,111.85617,112.85468,112.853195,110.85193,111.037025,112.037415,113.03781,113.0382,112.820335,112.80839,112.820335,110.84304,110.91278,106.89874,111.036644,3.4668138
75600,117.24768,117.21538,106.21809,106.21079,108.07424,108.01433,108.13881,108.08696,113.19933,113.19793,110.93202,111.08493,110.93801,111.08333,116.08858,115.97833,119.093765,118.977936,112.34969,113.19793,0.44269443,15.441094,15.439486,15.437885,15.436276,16.434677,20.433067,22.431467,18.429857,14.428258,10.426649,7.425049,4.42344,7.4218397,14.420231,18.41863,19.41702,16.415422,13.413813,11.412212,14.410604,21.409004,28.407394,35.405796,42.404186,49.402584,51.400974,57.399376,63.397766,66.396164,67.394554,65.39296,60.39135,55.389748,53.388138,56.38653,59.38493,64.38332,70.38172,76.38011,80.37851,86.3769,90.375305,94.373695,94.37209,95.37048,95.36888,97.36728,98.36568,103.36407,109.362465,108.360855,106.35926,105.35765,104.35605,104.35444,107.35284,115.35123,111.212616,106.210754,110.21106,112.21137,112.21168,113.21198,113.21229,114.21259,114.212616,115.21292,115.21323,117.21354,117.213844,117.21416,117.21447,117.214775,117.21508,110.07881,110.089386,109.09997,106.11056,104.12113,101.13172,99.142296,96.15288,94.16347,93.17404,93.18462,95.19521,99.20579,105.21637,106.21811,110.229385,113.24066,113.25193,113.2632,113.274475,114.28574,115.29702,116.30828,117.31956,117.33083,117.342094,108.139366,108.142586,109.1458,109.149025,110.152245,109.155464,109.15868,110.16191,110.16513,110.16835,110.17157,109.1748,107.17802,104.18123,102.18445,99.187675,97.190895,94.194115,93.197334,93.200554,95.20378,99.207,105.21021,126.34963,126.34964,117.33312,117.3166,117.30008,117.28356,117.26704,117.25052,126.34969,117.34969,117.34969,117.34969,117.34969,117.34969,116.34969,115.34969,114.34969,114.34969,113.34969,113.34969,113.34969,112.34969,112.34969,112.34969,113.34969,115.34969,117.34969,119.34969,118.34969,116.34969,114.34969,111.34969,110.34969,109.34969,109.34969,108.34969,106.34969,104.34969,104.34969,104.34969,104.34969,107.34969,109.34969,110.34969,111.34969,117.2152,116.210464,114.20574,114.201004,117.247856,116.233055,114.218254,114.203445,113.18762,113.17247,113.15731,113.14215,112.12699,112.11184,113.19934,110.19934,113.19661,113.19387,113.19115,113.188416,112.18568,112.182945,111.18021,120.17748,115.17475,117.17201,118.16928,116.16654,113.16382,114.16109,112.15835,112.15562,112.15288,111.150154,110.14742,110.144684,109.14195,110.068695,110.079636,110.08047,109.08129,109.08213,110.08296,109.083786,109.084625,108.08545,108.08628,110.06715,108.074524,108.07386,109.07319,109.07253,110.07186,109.0712,109.07053,110.06987,110.069214,107.168205,108.79862,108.38981,108.98099,109.572174,110.04993,110.03272,109.0155,101.98009,109.00594,110.00749,110.00905,109.01061,109.01216,108.01372,112.108864,112.106735,117.10459,116.10246,117.100334,118.098206,117.09608,115.09393,114.091805,112.089676,112.10279,113.1001,115.09741,119.09473,111.08569,111.0869,110.08812,109.08934,109.090546,110.09177,113.09298,115.09419,117.09541,119.09663,118.09784,116.09906,115.100266,113.10149,112.1027,108.139366,108.086365,109.086716,110.08708,110.08744,111.08781,112.08816,112.088524,119.09291,120.09148,118.09005,119.094345,118.977356,118.977455,119.97757,117.97767,118.952324,118.92729,118.902275,117.87724,116.85221,112.08534,112.08403,112.082726,112.08142,111.08011,111.07881,110.0775,109.076195,109.07488,108.01405,109.00817,110.0023,110.996414,110.99054,116.08917,114.08861,112.088036,115.97774,110.98873,112.01288,112.03702,112.061165,112.08531,115.82386,115.95889,115.95889,115.94003,115.92117,115.8321,113.83235,111.83261,112.08883,112.08796,111.82655,111.83266,110.87261,110.91257,112.08776,115.8971,115.90529,115.90517,116.90505,114.90493,113.90482,110.937294,110.93604,111.9348,112.93356,112.93232,110.93127,111.08443,112.084755,113.085075,113.0854,112.90472,112.89471,112.90472,110.923775,110.980576,108.26587,111.0841,3.4443038
79200,117.22722,117.194916,106.19761,106.19032,108.05378,107.993866,108.11833,108.0665,113.17887,113.17747,110.91155,111.06447,110.91754,111.06286,116.0681,115.957855,119.073296,118.957466,112.32923,113.17745,0.42223057,15.420621,15.419022,15.417412,15.4158125,16.414204,20.412603,22.410994,18.409393,14.407784,10.406185,7.404576,4.402976,7.4013667,14.399767,18.398157,19.396557,16.394949,13.393349,11.39174,14.39014,21.38853,28.38693,35.385323,42.38372,49.38211,51.380512,57.378902,63.377304,66.375694,67.37409,65.37248,60.370884,55.369274,53.367676,56.366066,59.364468,64.362854,70.36126,76.35965,80.35805,86.35644,90.35484,94.35323,94.35163,95.35002,95.34842,97.34681,98.345215,103.343605,109.342,108.34039,106.33879,105.33718,104.33559,104.33398,107.332375,115.330765,111.192154,106.19029,110.1906,112.1909,112.191216,113.19152,113.191826,114.19213,114.192154,115.19246,115.192764,117.19307,117.19338,117.19369,117.19399,117.1943,117.19461,110.058334,110.068924,109.0795,106.09008,104.10067,101.111244,99.12183,96.132416,94.14299,93.15358,93.16416,95.174736,99.185326,105.1959,106.19765,110.20892,113.2202,113.23146,113.24274,113.254005,114.265274,115.27654,116.28782,117.299095,117.310356,117.32163,108.11889,108.122116,109.125336,109.128555,110.131775,109.135,109.13822,110.14144,110.14465,110.14789,110.1511,109.15432,107.15754,104.16077,102.16399,99.167206,97.170425,94.17365,93.17687,93.180084,95.183304,99.18653,105.18975,126.329155,126.32918,117.31265,117.296135,117.27962,117.263084,117.24657,117.23005,126.32923,117.32923,117.32923,117.32923,117.32923,117.32923,116.32923,115.32923,114.32923,114.32923,113.32923,113.32923,113.32923,112.32923,112.32923,112.32923,113.32923,115.32923,117.32923,119.32923,118.32923,116.32923,114.32923,111.32923,110.32923,109.32923,109.32923,108.32923,106.32923,104.32923,104.32923,104.32923,104.32923,107.32923,109.32923,110.32923,111.32923,117.194725,116.19,114.185265,114.18054,117.227394,116.212585,114.19778,114.18297,113.16716,113.15199,113.13684,113.12168,112.10653,112.09137,113.17888,110.17888,113.17614,113.17341,113.17068,113.16794,112.165215,112.162476,111.159744,120.15701,115.154274,117.15155,118.14881,116.14608,113.14335,114.14061,112.13788,112.13515,112.132416,111.129684,110.126945,110.124214,109.12148,110.04823,110.059166,110.060005,109.06083,109.06166,110.06249,109.063324,109.06415,108.06498,108.06582,110.04667,108.054054,108.05339,109.05273,109.052055,110.0514,109.05073,109.050064,110.04941,110.04874,107.14773,108.77815,108.36934,108.960526,109.55171,110.029465,110.012245,108.99504,101.959625,108.985466,109.98703,109.98859,108.990135,108.9917,107.993256,112.088394,112.08626,117.08413,116.082,117.07987,118.07773,117.0756,115.07347,114.07134,112.069214,112.08233,113.079636,115.07695,119.074265,111.065216,111.06644,110.06766,109.06886,109.07008,110.0713,113.07251,115.07373,117.07494,119.07616,118.07738,116.07858,115.0798,113.08102,112.08223,108.11889,108.06589,109.06625,110.06661,110.06698,111.06733,112.067696,112.068054,119.07245,120.071014,118.06958,119.07388,118.956894,118.95699,119.9571,117.95721,118.93186,118.90683,118.8818,117.856766,116.83175,112.064865,112.06356,112.06226,112.06095,111.05965,111.058334,110.05704,109.055725,109.05442,107.99358,108.98771,109.98183,110.975945,110.97006,116.068695,114.06813,112.06757,115.957275,110.96826,111.99241,112.016556,112.0407,112.06485,115.80339,115.93843,115.93843,115.91957,115.90071,115.81162,113.81189,111.81213,112.06837,112.0675,111.80608,111.812195,110.85214,110.8921,112.06728,115.876625,115.88481,115.8847,116.88458,114.88447,113.884346,110.91682,110.91557,111.91434,112.913086,112.91185,110.91079,111.06396,112.06428,113.06461,113.06494,112.884254,112.874245,112.884254,110.903305,110.9601,108.24541,111.06364,3.4238305
82800,117.20675,117.17444,106.17715,106.16985,108.0333,107.9734,108.09787,108.04602,113.158394,113.157,110.89108,111.04399,110.89707,111.0424,116.04764,115.93739,119.05283,118.937,112.30876,113.15699,0.4017574,15.400158,15.398548,15.396949,15.395339,16.39374,20.39213,22.39053,18.388922,14.387321,10.385712,7.384112,4.3825026,7.380903,14.379293,18.377693,19.376085,16.374485,13.372875,11.371276,14.369666,21.368067,28.366457,35.364857,42.363247,49.36165,51.36004,57.35844,63.35683,66.35523,67.35362,65.35202,60.35041,55.348812,53.347202,56.345604,59.343994,64.34239,70.34078,76.33919,80.33758,86.335976,90.334366,94.33276,94.331154,95.32956,95.32795,97.32635,98.32474,103.323135,109.32153,108.31993,106.31832,105.31672,104.31511,104.313515,107.311905,115.3103,111.17168,106.169815,110.17013,112.17043,112.17074,113.17104,113.17136,114.17166,114.17168,115.17198,115.172295,117.1726,117.17291,117.173225,117.17353,117.173836,117.17414,110.03787,110.04845,109.05904,106.06962,104.08019,101.09078,99.10136,96.111946,94.12253,93.1331,93.14369,95.154274,99.16485,105.17544,106.177185,110.188446,113.19972,113.211,113.22226,113.233536,114.24481,115.25608,116.26735,117.27862,117.289894,117.30117,108.09843,108.10165,109.104866,109.10809,110.11131,109.114525,109.117744,110.12097,110.12419,110.12741,110.13063,109.13386,107.13708,104.1403,102.14351,99.14674,97.149956,94.153175,93.156395,93.159615,95.16284,99.16606,105.16928,126.30869,126.3087,117.29218,117.275665,117.25914,117.24262,117.226105,117.20958,126.30876,117.30876,117.30876,117.30876,117.30876,117.30876,116.30876,115.30876,114.30876,114.30876,113.30876,113.30876,113.30876,112.30876,112.30876,112.30876,113.30876,115.30876,117.30876,119.30876,118.30876,116.30876,114.30876,111.30876,110.30876,109.30876,109.30876,108.30876,106.30876,104.30876,104.30876,104.30876,104.30876,107.30876,109.30876,110.30876,111.30876,117.17426,116.16953,114.1648,114.16007,117.206924,116.19212,114.177315,114.162506,113.14668,113.13153,113.11637,113.10122,112.08605,112.0709,113.1584,110.1584,113.15567,113.15294,113.15021,113.14748,112.14474,112.142006,111.139275,120.13654,115.13381,117.13107,118.12834,116.12561,113.12288,114.12015,112.11741,112.11468,112.111946,111.10921,110.10648,110.103745,109.10101,110.02776,110.038704,110.03953,109.04037,109.04119,110.04202,109.04285,109.043686,108.04452,108.04534,110.02621,108.033585,108.03292,109.03226,109.03159,110.03092,109.030266,109.029594,110.02893,110.028275,107.127266,108.75769,108.34888,108.940056,109.53124,110.00899,109.99178,108.97456,101.939156,108.965004,109.96655,109.96811,108.96967,108.97122,107.97278,112.067924,112.065796,117.06366,116.06152,117.059395,118.05727,117.05514,115.05299,114.050865,112.04874,112.06185,113.059166,115.05647,119.05379,111.044754,111.04597,110.04718,109.0484,109.049614,110.05083,113.05205,115.05326,117.054474,119.05569,118.05691,116.05812,115.05933,113.06055,112.06176,108.09843,108.045425,109.04579,110.04614,110.0465,111.04687,112.04723,112.047585,119.05197,120.050545,118.04911,119.053406,118.93642,118.93653,119.93663,117.93674,118.911385,118.88637,118.861336,117.8363,116.81127,112.0444,112.04309,112.04179,112.04049,111.03918,111.03787,110.03656,109.035255,109.03395,107.973114,108.96723,109.96136,110.955475,110.9496,116.04823,114.04767,112.0471,115.9368,110.94779,111.97194,111.99608,112.020226,112.04437,115.78292,115.91795,115.91796,115.8991,115.88023,115.79116,113.79141,111.79167,112.04789,112.04703,111.78562,111.79172,110.83168,110.87163,112.04682,115.85616,115.86435,115.86423,116.86411,114.864,113.863884,110.896355,110.89511,111.89386,112.892624,112.89138,110.89033,111.04349,112.043816,113.04414,113.044464,112.86378,112.853775,112.86378,110.88284,110.93964,108.22493,111.04317,3.4033666
86400,117.18628,117.15398,106.15668,106.14938,108.01284,107.95293,108.07739,108.02556,113.13793,113.13653,110.87062,111.02353,110.87661,111.02192,116.027176,115.91693,119.032364,118.916534,112.28829,113.13652,0.38129354,15.379684,15.378084,15.376475,15.374875,16.373266,20.371666,22.370056,18.368458,14.366848,10.365248,7.363639,4.362039,7.36043,14.3588295,18.35722,19.355621,16.354012,13.352411,11.350802,14.349202,21.347593,28.345993,35.344383,42.342785,49.341175,51.339577,57.337967,63.336365,66.334755,67.33316,65.33155,60.32995,55.32834,53.32674,56.32513,59.32353,64.32192,70.32032,76.31871,80.31711,86.315506,90.3139,94.312294,94.31069,95.30908,95.30749,97.30588,98.304276,103.302666,109.30106,108.29945,106.29786,105.29625,104.29465,104.29304,107.291435,115.28983,111.151215,106.14935,110.14966,112.14997,112.150276,113.15058,113.15089,114.1512,114.151215,115.15152,115.151825,117.15214,117.15244,117.15275,117.15305,117.153366,117.15367,110.0174,110.027985,109.03857,106.04915,104.05973,101.07032,99.080894,96.09148,94.10206,93.11264,93.12322,95.133804,99.14439,105.154976,106.156715,110.167984,113.17926,113.19052,113.2018,113.21307,114.22434,115.23561,116.24688,117.258156,117.269424,117.28069,108.077965,108.081184,109.0844,109.087616,110.090836,109.09406,109.09728,110.1005,110.10372,110.10695,110.11017,109.11339,107.1166,104.11983,102.12305,99.12627,97.129486,94.13271,93.13593,93.13915,95.14237,99.1456,105.14881,126.28823,126.28824,117.27172,117.255196,117.23868,117.22216,117.20564,117.18912,126.28829,117.28829,117.28829,117.28829,117.28829,117.28829,116.28829,115.28829,114.28829,114.28829,113.28829,113.28829,113.28829,112.28829,112.28829,112.28829,113.28829,115.28829,117.28829,119.28829,118.28829,116.28829,114.28829,111.28829,110.28829,109.28829,109.28829,108.28829,106.28829,104.28829,104.28829,104.28829,104.28829,107.28829,109.28829,110.28829,111.28829,117.15379,116.14906,114.14433,114.1396,117.18646,116.17165,114.156845,114.142044,113.12622,113.11106,113.09591,113.08074,112.06559,112.05044,113.13794,110.13794,113.13521,113.13247,113.12974,113.127014,112.124275,112.121544,111.118805,120.11607,115.113335,117.11061,118.10788,116.10514,113.10241,114.09967,112.09695,112.094215,112.09148,111.088745,110.086006,110.08328,109.08055,110.0073,110.018234,110.019066,109.01989,109.02072,110.02156,109.022385,109.02322,108.02405,108.02488,110.00574,108.01312,108.01245,109.01179,109.01112,110.01046,109.009796,109.00913,110.00847,110.0078,107.1068,108.73721,108.3284,108.919586,109.51077,109.988525,109.971306,108.9541,101.918686,108.94453,109.94609,109.94765,108.949196,108.95076,107.95232,112.047455,112.04533,117.04319,116.04106,117.03893,118.0368,117.03466,115.03253,114.0304,112.028275,112.04139,113.038704,115.03601,119.033325,111.024284,111.025505,110.02672,109.02793,109.029144,110.030365,113.03158,115.03279,117.034004,119.035225,118.03644,116.03765,115.038864,113.040085,112.0413,108.077965,108.024956,109.025314,110.02568,110.02604,111.0264,112.02676,112.02712,119.03151,120.030075,118.02865,119.03294,118.915955,118.91605,119.91617,117.91627,118.89092,118.86589,118.84086,117.81584,116.79081,112.023926,112.02263,112.021324,112.02001,111.01871,111.0174,110.0161,109.01479,109.01348,107.95265,108.94677,109.940895,110.93501,110.92914,116.02776,114.02721,112.026634,115.916336,110.92732,111.95147,111.97562,111.99976,112.02391,115.76246,115.89749,115.89749,115.87864,115.85977,115.77069,113.77095,111.77121,112.02743,112.02656,111.765144,111.771255,110.81121,110.85116,112.026344,115.83569,115.84387,115.843765,116.84364,114.84353,113.84341,110.875885,110.87465,111.8734,112.872154,112.87092,110.86986,111.02302,112.02335,113.02368,113.024,112.843315,112.833305,112.843315,110.862366,110.919174,108.20447,111.022705,3.3828933
